"pop","year","S.med","S.05","S.95","E_hat.med","E_hat.05","E_hat.95","M.med","M.05","M.95","M/E_hat.med","M/E_hat.05","M/E_hat.95","s_MS.med","s_MS.05","s_MS.95","R/S.med","R/S.05","R/S.95","b.med","b.05","b.95","q_3.med","q_3.05","q_3.95","q_4.med","q_4.05","q_4.95","q_5.med","q_5.05","q_5.95","p_HOS.med","p_HOS.05","p_HOS.95","q_F.med","q_F.05","q_F.95"
"Hamilton Channel",2000,310.960430167121,190.432955406294,385.741399955204,273072.833228895,140803.290764064,495181.670497955,192863.402893441,61411.2444892131,660518.31561962,0.54162937493141,0.306718226230034,0.967648521935739,0.00359723068485295,0.00106750648767552,0.0111981109919205,0.300619531816391,0.225769003443114,0.498406136305932,0,0,0,0.309871587819866,0.0284390939893783,0.785108824666797,0.289025271396841,0.0217786915734932,0.78073623957972,0.282878105051295,0.0261748349818463,0.757524900989665,0,0,0,0.335495829612122,0.165854511390043,0.624899982283792
"Hamilton Channel",2001,604.925175984668,376.84739726811,747.521122328055,604632.956695975,374630.805356753,946662.245165514,146948.881835737,101212.944126792,211601.133000791,0.924289251990787,0.592592534509844,1.50312945887913,0.000631026410539982,0.000421025060943688,0.00092579201959402,0.299462820520634,0.237996861535929,0.47433567781424,0,0,0,0.309447849294804,0.0315634094198227,0.779033940617174,0.291056043765643,0.028373599260989,0.761361692389108,0.284392796418655,0.0289371154889976,0.760788255603905,7.43256355073227e-05,6.00609871445929e-06,0.000383908172784066,0.378995709934658,0.224371872167951,0.632190189694356
"Hamilton Channel",2002,803.634642772143,696.783024452414,999.36183757203,992479.996850923,843883.377969681,1233735.95460432,559446.548835822,525544.342961001,595770.902662806,0.458035684935621,0.368276370946077,0.5424003429297,0.000320731080961222,0.000283408725229927,0.000359579543357742,0.296976435501072,0.240730498301686,0.349847318685877,0,0,0,0.382820750591556,0.346444316090257,0.420363749775004,0.582894513538344,0.544615623793383,0.619939126419588,0.0337012916387073,0.0219271555288059,0.0497019414968801,0.000108720719831646,9.02392133806728e-06,0.000485642009058744,0.447333580097881,0.409745301973828,0.483381639057619
"Hamilton Channel",2003,401.959517967792,382.954468827333,422.195636202792,648828.915360171,596998.539682259,705486.752070176,455023.297691433,421295.776646669,488813.835395176,0.598055981853713,0.548109691228636,0.653981765105176,0.000527543692574292,0.000476956445136215,0.000584180734785204,0.111015424459371,0.0860842595552739,0.144587915328623,0,0,0,0.042909655527547,0.0271358900178083,0.0630158266820122,0.868122677542054,0.835692993997459,0.896801151822502,0.0884052659586299,0.0641333735002481,0.116938396519145,0.000403253360925362,3.19321231757742e-05,0.00178023328335286,0.566975585079886,0.52756145001414,0.607561887605157
"Hamilton Channel",2004,221.425723971045,212.605515197672,230.992517994216,273160.798076361,244606.144274088,303479.512279514,388025.216356072,375666.21333072,400899.777755922,0.588696211087254,0.522937362051088,0.665907210893114,0.000114798231525313,8.92163207510531e-05,0.000150155282053265,0.348777899424949,0.296458105480172,0.407910394362894,0,0,0,0.507510136930527,0.448993435108682,0.566462510426359,0.326286159095996,0.274264118929655,0.383512063114509,0.164055313290441,0.123214121026732,0.209921223803175,0.00112325297472728,0.000299006946618626,0.00317021447468512,0.454157944152246,0.408523025554468,0.498721890195726
"Hamilton Channel",2005,89.3847568139772,84.7050467370266,94.2217926586581,103864.307947754,87872.6941330278,121770.304051496,160798.423279306,151598.960632897,170371.003075736,0.969867139876511,0.82422201170121,1.15726592624556,0.000480895515266136,0.000405685743139062,0.000565514805183559,1.03641492617917,0.885779878656613,1.19759718366831,0,0,0,0.22623239822369,0.121293352903238,0.363147951779469,0.744288161108825,0.607502240265729,0.85547694840741,0.0239934305546101,0.00635063766661041,0.0670695298562173,0.0542090596082544,0.0323287669256897,0.0866044767511449,0.41629783459942,0.352652892066078,0.484031521049938
"Hamilton Channel",2006,227.956464454835,222.908063967181,232.986807530827,217656.157521955,154596.967896797,288403.881504993,100913.682911781,92553.9174629611,109966.797586974,0.75975497380713,0.597210712137425,0.974989752637274,0.00091834001946239,0.000772823146847578,0.00107583786990092,0.852668816331421,0.778544820001986,0.926919243996724,0,0,0,0.0346859794082841,0.00649894795530783,0.100094783876769,0.95449592543567,0.888175734224049,0.985957166884846,0.00794610709159113,0.00208528960460013,0.0275093506142635,0.00393937215863218,0.00153648796478807,0.00885257462301898,0.335477347229879,0.23853947631208,0.442988418599504
"Hamilton Channel",2007,51.4184623498261,44.9506569102348,58.652682706511,49736.6915640733,37105.7106054025,64795.7844282747,164718.912438221,110582.573455428,232549.035503961,0.572968686107187,0.439067515946171,0.739849299519828,0.00117893994031989,0.000824476897553055,0.001763562968074,6.36386086427338,5.1049740873229,7.98790164417999,0,0,0,0.164223194841034,0.0920569393697864,0.261267023571076,0.645883395636306,0.530657221593579,0.74783394158731,0.183328680282992,0.107529098700729,0.286074482439851,0.0131079885036812,0.00518992696277205,0.0292134446802166,0.344446625072802,0.263974568968915,0.435709613902772
"Hamilton Channel",2008,112.954213026905,103.746924107638,122.902660691304,98362.485495553,79439.6419096129,119969.921564409,28455.8838610685,20042.288676143,39510.1595095462,1.12863333592539,0.904629189475558,1.43958452769038,0.0115171265078185,0.00801701893671443,0.0170471212394004,2.77956220864714,2.16950435125155,3.7448172127105,0,0,0,0.384638221295096,0.309162733700416,0.464173981675461,0.568817171561223,0.488088335746787,0.645745298436099,0.0433233273341141,0.0210835123200601,0.0873554584386453,0.0147433273635017,0.00743747135453437,0.0256783262105156,0.317757403561376,0.258369813841365,0.377894855063547
"Hamilton Channel",2009,93.8265722556334,89.5301103907252,98.334095707132,98210.6512004699,83736.6055167618,114809.334935036,111332.865712123,82776.8027509413,150041.84807381,0.963602391508303,0.750732983986246,1.24196401797621,0.00284003622023018,0.00199830733757329,0.00412002607286429,0.789316148851443,0.600751343692612,1.01733918281797,0,0,0,0.411916049648653,0.330355179409925,0.496446062187291,0.526151798729641,0.443940576151878,0.612175932155422,0.0581288034697296,0.0279436488562679,0.103381232728086,0.0563332272203878,0.0320858502465343,0.0915833700792385,0.382070271106884,0.329232437739639,0.44168370666398
"Hamilton Channel",2010,190.107373780386,181.601363370427,199.043230987168,258250.266185388,226969.395157536,290640.601046722,94617.0733175882,72389.0838547505,124513.678460944,0.637839834278594,0.562236617187205,0.729784931517631,0.000777461745655473,0.000568505409531728,0.00107534393782443,4.32869151299631,3.84173581417712,4.87276080980624,0,0,0,0.17158179731399,0.125953986366349,0.223940105284228,0.814921734937397,0.762693584226426,0.860801251252442,0.0116803714922793,0.00398064404558037,0.0278574910311933,0.00372372206007289,0.0011800540997767,0.00968409863931298,0.48369222388001,0.425658100425086,0.540109370749887
"Hamilton Channel",2011,293.920979902874,242.199633610401,351.704292645002,540794.341536226,446977.981371624,642504.853337046,164515.242473843,158234.473919523,171386.588806645,0.820352793115066,0.694437335153102,0.982327878551241,0.00500415900007144,0.00445964591981757,0.00561473375106934,4.28350880784445,3.43168497425052,5.33733551038015,0,0,0,0.0703833210413978,0.0472662518254428,0.0993154110314622,0.883569243726826,0.848426520824262,0.912581758988258,0.0453896823069364,0.0278311552301017,0.0682238991938651,0.00058875053119639,9.34158811641609e-05,0.00222651550864007,0.647689894174196,0.600068413037854,0.693612223109919
"Hamilton Channel",2012,334.154091455878,264.002422804867,459.021751003982,569551.793304332,461028.262960177,771776.36350022,442869.440547422,418915.08950859,468545.065316958,0.868594540888595,0.738106388715262,1.03151656841558,0.00283462333513708,0.00245356805367744,0.00324690923603421,4.36945963854097,3.2439436790929,5.48725094955898,0,0,0,0.0206740474566856,0.00704383192411372,0.0492879496337567,0.821492177147604,0.748961423150575,0.879763470894614,0.153759103946101,0.0989393428990469,0.226808003649354,0.000868792901861398,0.000196125087981964,0.00263711852029433,0.601199734426136,0.526183842413163,0.677016076279061
"Hamilton Channel",2013,375.29713636414,362.314179040521,389.352125117014,437340.569812011,385302.142543238,492555.334100612,480306.491869935,433215.609936526,666834.919701984,0.474055583406982,0.418528953608833,0.536737548248493,0.00298299812828614,0.00219261089234941,0.00347336685027283,1.28831441984863,1.04076114056047,1.57568662584188,0.0152507467232833,0.00109394341066546,0.0535084927469474,0.779021553636423,0.719699199465392,0.830809496303608,0.167908243113681,0.126069344699733,0.219229924205951,0.050879500734874,0.0249323821550583,0.0911373008848961,0.00499145831159708,0.00194055047469645,0.011713151257641,0.441141233661042,0.390382579827866,0.49581578558883
"Hamilton Channel",2014,598.934899406684,541.400577848002,666.094334645656,738795.9405585,637156.858190931,855087.772404216,206931.375714819,201574.984701638,212400.982676015,0.694251834710308,0.590019698642349,0.846195982497186,0.00233550205362176,0.00189595502251449,0.00285053172146106,0.767061565441172,0.586779250275958,0.984619967250707,0.00460247012502509,0.000360826063090491,0.01910788508946,0.277969359338528,0.207071011787684,0.357758711467738,0.715257615009887,0.636015464661041,0.786617095854122,0.00522035736239247,0.00133404755813395,0.0159129566225695,0.00626360592177177,0.0032462133103141,0.0114269619474284,0.443676925764644,0.394216488108881,0.495373643143654
"Hamilton Channel",2015,1398.78399847909,1274.11079322244,1529.89788073475,1604178.02067367,1376931.66229554,1860874.67535965,503543.873408358,458914.995239373,621524.218606477,0.48161005855459,0.41189371880658,0.561311604804182,0.000893889675897968,0.000662616373518447,0.00117538993036536,1.05820102773791,0.927078617296194,1.2005012168096,0.00454936205446724,0.000380129947451227,0.0150874247433957,0.247204582591285,0.190394167367986,0.311970373795761,0.674951496118229,0.60581682654822,0.737280382367601,0.0766604738414265,0.0455772312648354,0.117459448433443,0.00327183044941234,0.00137831616981117,0.00725070599419901,0.412101087869252,0.358969785542133,0.467058055750993
"Hamilton Channel",2016,1250.64861764085,1227.69757431005,1275.24669844897,1199113.76307189,980733.409346156,1436187.70088238,772361.884016398,728338.691834875,817594.301729702,0.491457036557882,0.401338966416776,0.593531850428244,0.00192118523493171,0.00169479921893674,0.00214878464107306,0.215808156776752,0.174373066250486,0.264872847888372,0.0134456868246193,0.00119987207396313,0.0442538472793258,0.143180881575356,0.0917292922084707,0.212414490142354,0.726471918266154,0.641698985505617,0.802236587966048,0.12592032438498,0.0714996553612943,0.197727902648657,0.00684023420557539,0.00334677703339881,0.0123687201420482,0.339682754543793,0.278013077974557,0.407130258703928
"Hamilton Channel",2017,691.385430676679,679.690171231071,703.244880066545,753354.489806632,645112.181199027,869705.784271585,587475.105507066,464932.29393354,736217.937540096,0.495028224183899,0.427844866123934,0.578897262484835,0.000460103405979829,0.0003474393036296,0.000610198317986379,1.18143142411606,0.958487176352869,1.43309458130871,0.0923563888742031,0.0739658335824254,0.106707944103264,0.316447748590248,0.239984847843517,0.40081057795281,0.39092047153575,0.310998087781839,0.473457181178973,0.287720711465928,0.214278411124844,0.370691338096965,0.00309114913732945,0.0013656941192516,0.00629502846436696,0.39314566892407,0.33640357155885,0.452605884111
"Hamilton Channel",2018,1471.71291245489,1359.7588022862,1590.50490742264,878863.742846588,704676.371729839,1121193.97559229,372877.464577753,365862.787326566,379947.680050595,0.735847028548356,0.586121799815763,0.898803633801858,0.00218912626319645,0.00177651719625431,0.00265813126268973,1.1099155179804,0.925241847259256,1.33410629122383,0.0106338558252548,0.00102966588094758,0.0285112272207281,0.845205731902904,0.763900593429622,0.908329580293838,0.146832194952845,0.0844775106590912,0.228052670791884,0.00593499477464731,0.00141002145810701,0.0189478868631982,0.00663002573385329,0.00354291315222352,0.011753373009804,0.228473553068094,0.18363469445482,0.291311786911495
"Hamilton Channel",2019,333.344986889245,320.034767126107,347.474734212969,255533.248672571,202778.222957767,313914.109290291,645599.290634617,578239.342375227,721811.230642142,0.318124987178662,0.25490133760661,0.397611530140104,0.00252728686660677,0.00207450875777915,0.00308955546735694,1.62891747154598,1.02252111975966,2.63051405502808,0.0171171265111582,0.00120362066964271,0.0587447468147335,0.267573082478019,0.169531041235664,0.379769098375574,0.712532483070667,0.599257314281989,0.814077737482371,0.0156872637759284,0.00444049484329164,0.0505834784725146,0.0133201158731615,0.0059312941102269,0.0268952453572488,0.275627652989313,0.219613137606733,0.339811465098589
"Hamilton Channel",2020,413.402260345488,385.97188430144,443.679131514505,455087.907178407,373300.619660159,544992.687323568,80757.3168320618,61544.7459660899,106628.075506565,0.923398928144866,0.762045828265233,1.13833910008207,0.0067310465025208,0.00420119526774772,0.0108221395264581,9.6834054758154,5.22607685234362,17.9376734551667,0,0,0,0.610377191173904,0.511098006306645,0.708293260016853,0.375930185064431,0.279186300659424,0.474640101573072,0.0109651677112973,0.00286247809037008,0.0340346040754153,0.0110168277462969,0.00527604595811633,0.0205304443907626,0.409677061778409,0.337275190666795,0.483970872521026
"Hamilton Channel",2021,1426.01658802558,1210.77003911865,1678.89930375007,1564570.12811706,1270864.43939827,1938546.17197617,419243.821329831,386857.607024177,454353.612655714,0.837104372162095,0.640145309938236,1.12098569759217,0.00955126291688296,0.00522366489648748,0.0176666298056685,6.66358480241435,2.86886962733258,14.8468434139813,0.00919404652387089,0.000677383055166285,0.0317589276150371,0.593985180691814,0.497951081318726,0.683055672208464,0.380725629809228,0.292666910013691,0.475513348416682,0.0221086289999134,0.00719400284140334,0.0530528312517091,0.0227072271966644,0.0128339528175062,0.0380005145507926,0.409991335422798,0.351255050435811,0.466526766225942
"Hamilton Channel",2022,1032.72937844471,897.747507083886,1187.21933879672,1256178.42649219,1026428.28413861,1528727.413924,1313228.19284223,1087220.44519135,1605018.16286707,0.821504700355385,0.663927466981516,1.01662391992118,0.00719461656027826,0.00319712668283926,0.0158806323984436,2.49270995327675,0.439668320013479,14.0111277234574,0.0268050392102142,0.00241631907777371,0.0636621330998049,0.239790348332905,0.174448044441822,0.309230585781571,0.732405119377641,0.660275408559276,0.80342751887931,0.0246893561186216,0.00744503630641928,0.0561162044811258,0.015587058643331,0.0079822613667362,0.0284657310024583,0.437380040029795,0.37472239386321,0.501118733016587
"Hamilton Channel",2023,1141.00237854196,1037.79709989751,1250.92228923956,1289839.35837266,929419.330963056,1725066.32772493,1032877.0882893,955758.98241567,1111348.03221298,0.581171200314698,0.43019462448291,0.806507365305096,0.00246593710106454,0.000443112816749357,0.0136379572635063,1.70002042725034,0.248082228709119,12.6464020807845,0,0,0,0.687482459100196,0.367108235432203,0.876276460062465,0.253231388214021,0.0857699404465971,0.530769786824948,0.0359433676523842,0.00733593443851271,0.199128277210087,0.014008611590472,0.00580249777768235,0.0289600821346101,0.423631811487514,0.306826282929995,0.558388053198489
"Hamilton Channel",2024,5960.91494015883,2543.98678232539,14169.2071662682,6600501.94694765,2626110.83982667,16347458.3380095,746259.263013593,693347.839051882,806953.003778372,NA,NA,NA,0.00260292601378976,0.000379174370251374,0.0189797197083662,NA,NA,NA,0,0,0,0.461534610995805,0.0798852813562451,0.803750918985897,0.534419289307142,0.193210282872976,0.913616892122919,0.0023737560414637,0.000320250775917179,0.0140906968707681,0.00310836297901024,0.00102345911652498,0.00909435795614684,0.409709814268201,0.278692291694597,0.555596352799698
"Hamilton Creek",2002,994.861591656593,699.427310644674,1238.01418172927,1049590.40272027,729859.978248458,1359145.62084183,470352.757804685,197775.305781115,1122381.9878182,0.33959723952783,0.188792042414708,0.61257101697291,0.00071688949939896,0.000306503600673222,0.00167430089299899,0.332461420784499,0.230458789070839,0.508158843394454,0,0,0,0.391690092038009,0.338826082760961,0.447451403558278,0.570847837300606,0.515242377081326,0.624821340347591,0.0360308606089285,0.0189711644829012,0.0608581049765705,0.000113019296762159,7.88386791545701e-06,0.000535688935917914,0.385678561578573,0.332969734568565,0.442189080086991
"Hamilton Creek",2003,435.161628089831,396.140753524594,476.379443343438,648609.635253752,507376.795233027,795470.486442669,352003.871885877,192714.643336343,639479.189310884,0.41899756358828,0.291771865828243,0.604500818988947,0.000933882041867849,0.00049485814568155,0.00173970183510864,0.161555533638584,0.10681518295679,0.239920543869543,0,0,0,0.0668160106395813,0.0256713284233264,0.1340127284584,0.78887428991854,0.693016174802262,0.869086599396297,0.137804792995597,0.0754876036608444,0.223825642637614,0.00046559843599651,3.19797677617644e-05,0.00218743893863331,0.524502478895179,0.418360725720894,0.627676936432055
"Hamilton Creek",2004,485.672726307649,394.871557034006,598.834987380848,591929.286948344,463129.221695747,754759.202808927,270497.248839685,180669.424953745,402987.782024662,0.464684685202015,0.317411410396143,0.683526359638386,0.000260979883064787,0.00015617957759979,0.00042297225327384,0.207447347179689,0.153467554260594,0.276843790611812,0,0,0,0.395071452649296,0.339534689047662,0.45417029467386,0.408348560717757,0.352339381179549,0.467570773253384,0.194453317634608,0.149942790096306,0.244772822378285,0.000448972181737471,0.000106056722806448,0.00129794276425311,0.443764654753049,0.390105577546507,0.499114239304781
"Hamilton Creek",2005,176.598284064767,162.062612962065,193.323854498466,295840.019482629,255268.538149436,336927.862284299,274685.595629338,180087.238565914,419829.223212934,0.451775238775308,0.313490977025484,0.625271258796692,0.000365691613549794,0.000232835737489921,0.000563215214832594,0.691511203381816,0.536417574820721,0.883531695313323,0,0,0,0.177479531409472,0.130989519397701,0.233882240685614,0.791073011898855,0.732532678553258,0.842257253998784,0.0291035556803313,0.0115862781611532,0.0581939325612945,0.0191788111664951,0.0116827785763259,0.0302715803832897,0.596501387906413,0.530886885039941,0.655694240089015
"Hamilton Creek",2006,281.518561495306,200.683600145834,392.118364857069,318228.70530525,215644.361138671,459135.755968316,132778.560255676,91354.065684112,188110.315369559,0.413487454901018,0.285278521569056,0.583555803817033,0.000926033061923214,0.000604616657413819,0.00140871976881736,1.17788634011369,0.7811761662771,1.74165893894834,0,0,0,0.0411657895043815,0.0166847116568383,0.083895437330805,0.942075119217301,0.895546119011907,0.970553932418465,0.0144233827872396,0.00467844983945137,0.0382673833013719,0.00240765740574753,0.000907234133106237,0.00555925329850839,0.397439185446547,0.322822759179588,0.477234707024209
"Hamilton Creek",2007,111.304822094407,75.3157628979713,164.650604566972,144834.605168915,95813.1175886427,218635.563642165,130704.401188811,80504.2677106005,210098.944197741,0.482025113568797,0.320396512793488,0.7142355554833,0.002525683762583,0.00150416091549714,0.00423445138418253,5.33411604150708,3.58846624726872,8.08797894399324,0,0,0,0.17969872711255,0.102871387953586,0.277954532180744,0.507144469598502,0.391205970241234,0.618703193006999,0.305396046161549,0.206538129039528,0.422382876486061,0.00442824559671888,0.00164960821857943,0.0106161254998885,0.464725586120552,0.389810959323802,0.545165109650042
"Hamilton Creek",2008,116.481677516121,99.350150998676,136.721115005443,150168.105411441,118603.41276934,188172.791138709,69997.9594185005,41207.2991099625,115119.01189554,0.529866363924207,0.372189603605533,0.763926748500483,0.00846523346255803,0.00513927894954981,0.01439830598327,3.0044041928794,2.41596370586757,3.68016623367226,0,0,0,0.334150985326409,0.249663927942448,0.427464986189655,0.636271004734403,0.542121273757705,0.723564485871801,0.0261454785569621,0.0118583605431326,0.0577864025039401,0.010076034264146,0.00511396849580153,0.018231497597449,0.467940144593105,0.388892511472674,0.546931998354727
"Hamilton Creek",2009,124.072956457919,94.7405315319458,160.981640446841,155879.941667368,114204.738487873,211954.643618294,79206.2620440243,53750.1093819034,119537.310670326,0.680687988824977,0.480074554446736,0.954989762104332,0.00438946182805748,0.002876592653048,0.00663381687889839,0.427461254888761,0.26017965842345,0.685193173313255,0,0,0,0.30663713197701,0.214477429797191,0.41181173370618,0.638334279984895,0.535491974170886,0.737369028234349,0.0475399912873139,0.019002621951361,0.10469798527011,0.029544366268121,0.0154998846033832,0.0535378253149775,0.456863582846061,0.377367679247696,0.535334023230337
"Hamilton Creek",2010,362.547127806066,274.486674817446,475.075009998734,532143.090302475,394777.843059446,711164.498498914,106276.807838031,66908.923102777,162261.084211346,0.258847732642184,0.172315153169808,0.37750693900095,0.000498967163161208,0.000284779521331698,0.000869195089114846,1.04421789816426,0.706952000307805,1.51248238815921,0,0,0,0.213971359535153,0.152279766997192,0.28247051920663,0.769280569927082,0.699497379912448,0.832490950928213,0.0146668895963588,0.00485679772087151,0.0358223315262567,0.00151564214186262,0.000468493792404915,0.00407151735783161,0.526314365357927,0.457474938731526,0.593511844299302
"Hamilton Creek",2011,526.421637718747,441.913560513159,617.874696203216,641917.45897487,524407.420976745,775430.258699668,137319.840021982,87312.5950688531,211758.73248338,0.302615111137479,0.216081567111757,0.422803017614643,0.00273730717434613,0.00171667905687099,0.00444809285881136,0.572387569018116,0.422349272234776,0.78503784193874,0,0,0,0.087622620315623,0.0644151005806994,0.115242028476959,0.87089669771222,0.839091868031273,0.899005806093657,0.0404279625653342,0.025127909675054,0.0607302869481456,0.000375731342030984,4.83262104353485e-05,0.00151066075017398,0.43019643093278,0.387037502259266,0.475044199274612
"Hamilton Creek",2012,340.174599399115,296.237447481341,389.723208914542,541745.135630961,453537.82123799,644116.253673316,192652.598467849,135750.913979713,280681.97734514,0.327847418186088,0.239453547498575,0.446877513367902,0.00156629818586166,0.00102186959886617,0.00238820787879901,1.01189575840874,0.781797843013898,1.27910394385264,0,0,0,0.0293703419714102,0.0123674669486799,0.0567804498937048,0.768000951839539,0.706937369040547,0.819816438670191,0.201310405305246,0.152305736518206,0.259084707061155,0.000711732431907666,0.000170975945742717,0.00194670371219391,0.559184068419321,0.497747270407834,0.619711296654016
"Hamilton Creek",2013,251.053642596618,182.630639348226,345.46236138085,377933.76566291,269664.555443536,525379.354730565,178184.797176373,124156.163440145,247467.878665651,0.205226470254866,0.149938026052713,0.278390652508941,0.00192287065748836,0.00129809247906001,0.00290089107762105,0.527882137468208,0.341525388263958,0.795672739379122,0,0,0,0.665555398413659,0.570587643935636,0.754205245556148,0.161750550482931,0.101681487824281,0.237845107353599,0.167829033241459,0.10374012549607,0.250359206359411,0.00547912509027331,0.00211942536890934,0.0132446030835595,0.56625250080887,0.502071923408405,0.628267074553017
"Hamilton Creek",2014,248.893516827853,169.696008721588,363.175475143524,396760.678704945,264959.195509665,593042.600860343,77644.8138086472,50151.2302571186,117148.721872359,0.322763942100775,0.221218523165636,0.461619991932721,0.00171626792688048,0.00101542166174042,0.00283568767555989,0.741504184677183,0.451873337598853,1.19171818293776,0,0,0,0.144217991505671,0.0872315814302895,0.22120553870404,0.841377708813366,0.762066603102962,0.900125129800782,0.0116324505372209,0.00317858357863459,0.0340589364178022,0.0114458895937956,0.00579068061029443,0.0213547428977675,0.568746270641786,0.495053397306144,0.639239073864756
"Hamilton Creek",2015,302.760162048977,234.546442688253,388.962661086657,514567.643258386,382719.780774957,680849.4712933,129030.487174307,77961.0458381403,205582.033958644,0.358582561813148,0.247986564853409,0.51790554398918,0.00143203288957815,0.000827089357264429,0.00249300974777478,5.29519280518909,4.06389678680631,6.87431763110383,0,0,0,0.121788561822763,0.0592260467327206,0.221229513041184,0.855386512936567,0.755181919985393,0.922970865005024,0.0174476739272149,0.00535499655737651,0.0529165637630314,0.0117273988087148,0.00509798665191201,0.0251943966320247,0.604275186420429,0.507066898949855,0.692215744592208
"Hamilton Creek",2016,350.476085250077,294.577943551976,415.955158669944,568298.537418666,434494.872142178,726916.776701584,183836.688999552,120791.014495209,280603.545384406,0.621687006408274,0.444117676500947,0.862676625344877,0.0087369513310541,0.00563049849824467,0.0133221452477002,1.79505483698671,1.33548559797958,2.38813509381138,0,0,0,0.0916222584192156,0.0370313184634874,0.185242315354754,0.842112977574083,0.735135393198368,0.918025129223049,0.0575374695289509,0.0212794450786692,0.13129866598185,0.01901097841283,0.00925884286611341,0.0337998079452142,0.576515966941243,0.462041318541637,0.683208438939244
"Hamilton Creek",2017,168.28582964467,140.297182033461,201.800879228441,300785.385727719,235846.483403694,380135.476905042,351272.790047348,236774.91759884,514397.71267954,0.590495970450523,0.422302283897222,0.830074932785796,0.00179524539961401,0.00116904367344331,0.00275329445637858,6.28038200759745,4.94767908560054,7.95128182089167,0,0,0,0.212661858850401,0.0978908753179748,0.3746113426495,0.596998697995733,0.427165716059312,0.745169390832105,0.176670191521412,0.0784380365524245,0.324129610730909,0.0114722449275999,0.0051805706365945,0.0227983472386411,0.641063481675639,0.546357913003067,0.730458788224727
"Hamilton Creek",2018,554.435330298168,467.766017877927,658.894595709071,730494.458706609,591607.086447828,902794.410065612,177637.168400652,122673.593443096,255789.365381695,0.659056896040229,0.460099179203752,0.921550815637454,0.00594810476761166,0.00395069757462113,0.00896040520092753,2.78582071945448,2.25342926634115,3.42500331678716,0,0,0,0.730937436830144,0.625618678072784,0.818407193741057,0.259232331300167,0.17261560233639,0.364506491790686,0.00741854618441184,0.0016937615004291,0.026974551681974,0.0129637852253802,0.0069951245908735,0.0225667255705243,0.497624883556775,0.434623893410084,0.561387654009692
"Hamilton Creek",2019,1359.13617151832,1254.36402062064,1468.98870645002,1834060.86589482,1576923.81159555,2112064.57654531,478142.589187072,331462.460552683,686372.76292146,0.148608570107521,0.0644842238540244,0.22647895566783,0.00322663589032183,0.00223703732029593,0.00473074395720387,0.938275343108652,0.410512712216508,1.4855547526762,0,0,0,0.127876910086592,0.0879381363201291,0.176525650508719,0.863966854247796,0.815344138420969,0.904351399978012,0.00655037741120249,0.00191934019370317,0.0186479727573722,0.00253350171723433,0.00116825747691505,0.00484176593923499,0.47784809153194,0.420695321792243,0.535773506384386
"Hamilton Creek",2020,1095.11191341653,929.373807372555,1286.31104022325,1868020.82529236,1509770.69902367,2277607.51645108,271815.259328808,120477.176860818,414046.62827067,0.304097978398981,0.145119865271894,0.485505653144385,0.00472443203931865,0.00214212446466778,0.0103796996757175,2.24495884664546,0.955965533476434,5.90708296298777,0,0,0,0.559363264813234,0.450579669274257,0.662905914490324,0.403749337573344,0.301698558995388,0.510590077725813,0.0312890979367362,0.0105298739506103,0.0772926292015174,0.00316921485900154,0.00160649609936883,0.00590756490926998,0.633632987982692,0.553302562166122,0.710686098140961
"Hamilton Creek",2021,1272.19288147794,1125.91709342771,1451.00824736808,2458045.53938198,2144627.62661947,2833637.81526042,561372.734832441,275912.024231563,926919.798433822,0.223208655916052,0.0612565926582668,0.461338520437055,0.00465628325316238,0.00176671459632074,0.011980875578007,1.40969081737994,0.267715034995783,6.20600034726534,0,0,0,0.643972615371133,0.594694031763394,0.691261325243993,0.339250412720809,0.292982383468191,0.388912235172854,0.0156032975092947,0.00705484171224432,0.029934863155385,0.0185038481763601,0.0112436351426969,0.0286816396097901,0.722857005979996,0.681187595051354,0.760790644650141
"Hamilton Creek",2022,989.910200781726,892.417997996934,1100.12554106999,1903332.96866462,1682808.77418257,2152905.64495153,546908.076771743,151634.993392561,1159898.88032835,0.236192250014147,0.0787349509893298,0.494918750067273,0.00355065213948166,0.00105965633002587,0.0108951008836962,1.26847315416282,0.152005736292254,10.1609241260475,0,0,0,0.2502491070868,0.201498934442042,0.3028022549047,0.725044429763378,0.670774638875219,0.775483881261405,0.0228669976038735,0.0106179380703475,0.0436609175625434,0.0132943642562017,0.00722213992946402,0.0234192704366524,0.691737094227143,0.646316753725574,0.735522184869862
"Hamilton Creek",2023,1711.17795733319,1491.00513707586,1978.75739389181,2601104.43591778,1906255.53499974,3365793.90714956,448399.727493836,151287.241256719,942840.31847279,NA,NA,NA,0.00292196841533247,0.000431213302691486,0.0197219510022267,NA,NA,NA,0,0,0,0.405801457266646,0.0695345971892273,0.794693610111313,0.562335055821492,0.180077976192431,0.90081196693761,0.0191755693398743,0.00410254968165227,0.106127856203015,0.00712837583125975,0.00312894205115969,0.0141238672936329,0.554961409094129,0.417626175767063,0.685432120895685
"Ives",2001,646.064900361101,497.510726815573,2161.63003257103,1000119.45245989,746318.039173725,3288721.59082271,524841.647367332,181619.407738882,1585368.37627864,0.402464383616483,0.165490096415649,0.757283129482856,0.000445260023154758,0.000149320688288406,0.00125607319963327,0.47832751362717,0.151308232767216,0.688751663009704,0.0431689004732779,0.00795219262022876,0.0761818015149147,0.534576840700167,0.487462388927624,0.58182342752075,0.434606579894449,0.387921781988436,0.480660767288711,0.0301684177225426,0.0174247003396378,0.0487503772644341,0.000141173959226442,9.10955579359095e-06,0.00081366966843493,0.56962935549035,0.523149580975632,0.615048861106878
"Ives",2002,4105.6459822521,3992.13446316951,4222.85631423104,5605682.28074016,5157661.75339846,6073441.95314511,452437.938847087,238406.571579061,902899.129746073,0.130125739879201,0.0574161904607913,0.318053946217488,0.000697975808929391,0.000351336753784604,0.00132591012131643,0.133112683222912,0.105077253755914,0.168065617814601,0.0506375102249841,0.0490794502005956,0.0522417262450874,0.327089127672128,0.293637423696849,0.361200903496989,0.651487857432289,0.616346685594096,0.685523486599001,0.0207415234444087,0.0118857344936944,0.0324547744889963,5.50134374877005e-05,3.82743019622583e-06,0.000246421261282696,0.49387354500083,0.455802949857964,0.531981621584152
"Ives",2003,737.282744926235,601.040448162989,913.298650194437,1263100.974269,981261.997772372,1620560.09090066,727680.851430053,319449.796882955,1775744.24609641,0.372865185097037,0.230092220530263,0.5965609086022,0.000744097199323039,0.000314538135959418,0.00170447255855754,0.13318086488115,0.0828043339975748,0.213354908483599,0.0157112948259699,0.00127995798259495,0.0414801102580269,0.0351273142983701,0.0138961471596631,0.074209668452514,0.831062109474434,0.76259402504563,0.888655068458958,0.130144099952522,0.0794064507957433,0.193480223183351,0.000571312295993207,4.25792153435683e-05,0.00271090974494683,0.602821157232015,0.520686050242795,0.683261231664415
"Ives",2004,343.499240533041,259.945689153936,457.181922258064,504744.850134342,373546.6037616,692000.438584408,472810.928439501,282505.247515341,752078.622179561,0.494584655105464,0.340819069282451,0.720449370268232,0.000210966412651962,0.000117346108903974,0.000385330420043467,0.516919844460627,0.350278948859909,0.758475993849336,0.0260010269981228,0.00241243052589287,0.0815159380000713,0.342220831449374,0.263779805083414,0.424511987548805,0.513728619036098,0.432090203677644,0.600186429755834,0.141592197709046,0.0879523223930517,0.203122105603859,0.00203706202094531,0.000541034890830016,0.00599827819678356,0.534995176727329,0.469009813485906,0.597617312421547
"Ives",2005,230.952674651831,189.562115756922,281.410136208115,408024.097352996,327679.433101761,507824.681310659,249559.279503458,160580.811500076,389607.12083366,0.738726958002309,0.509079148187841,1.05815652395122,0.000713806643709747,0.000440426108124434,0.00114581750517428,0.842044571408478,0.599834270920552,1.18780315656501,0.0967542331040949,0.044692815215072,0.134983881190665,0.15730098799069,0.111165486390465,0.211736965672512,0.754754487527479,0.694701143601818,0.810598904693084,0.0864058077792139,0.0536557992938869,0.128042291021399,0.0567926504123168,0.0378165336897676,0.0829221926737221,0.6285009027362,0.568171952587866,0.683772400607352
"Ives",2006,429.236976840244,324.368421007534,569.335595202013,623524.443378766,457270.872261804,841492.136476591,301076.059808723,200017.190435338,450869.146652527,0.369537537149374,0.253291160886241,0.52552233457077,0.000646567820227048,0.000409751166936631,0.00103906576775826,1.36443185791179,0.730600461593309,2.66832606001086,0.125420997235187,0.076744231540158,0.17525531695081,0.0420316556474507,0.0195470302010947,0.0762490131963124,0.945398327020267,0.909512384754567,0.97031620787182,0.0109859474120779,0.00378057910073083,0.0266285849064464,0.00540585971986544,0.00227136113221615,0.0119171436911113,0.511281961042961,0.449578330256179,0.572078342225371
"Ives",2007,151.999439783065,93.7846038345258,243.410241237029,194119.091421683,117277.236599332,313087.188122699,229170.471999583,146362.920208499,356708.248372303,0.566940089937973,0.35102810417493,0.904938417238767,0.00261988927252879,0.00134111096028456,0.00506232926439689,7.84849874791998,4.72307374089996,13.3499071078667,0.0483869758077518,0.00391753945066538,0.156609446719283,0.15590146310717,0.0756260254153824,0.273714315148927,0.473476054479156,0.348775656875373,0.602410082935142,0.360758691228336,0.24568463240592,0.489843758593477,0.0123790897420779,0.00477694298968249,0.0302801960490243,0.453627471307524,0.378425763897384,0.531084860934582
"Ives",2008,203.24126326371,155.448330649053,262.836474646953,245927.599305845,180834.856330463,331160.272346619,109297.400868693,58797.3696835234,200417.562395986,0.694888766757836,0.478311838384466,1.02920450677502,0.0108285852296824,0.00600951870472262,0.0202200294633525,3.40098019101553,1.88476186304446,5.06920039876195,0.027326165414504,0.00222744085026342,0.0812087711316963,0.262301852200582,0.194293422621255,0.338465686376418,0.697530638098125,0.618403486550169,0.765908784122549,0.0387597451946404,0.0216249502476823,0.0671796107247916,0.0236591178048022,0.0127007731617291,0.0399649294087654,0.437274938322835,0.370099247406988,0.505181157005732
"Ives",2009,193.500823432829,141.798718796621,260.556929325279,246224.429225363,173240.45163393,347215.084703278,170452.028644347,109414.197975206,262538.84925474,0.733564494680776,0.484983053491061,1.0753094548878,0.00391992853461293,0.00226522316356943,0.00663757947345564,0.854336778487333,0.480989166340099,1.45301562665334,0.066677514235072,0.0083106631074959,0.154638410252283,0.343117214938145,0.251377943584356,0.445737022355173,0.616720791046081,0.514280357707005,0.71127485471178,0.0351585353262462,0.0132641887735664,0.0777265536257062,0.0764302197439319,0.0448987620832473,0.121549673356139,0.463142343239487,0.386447682327792,0.542053361697404
"Ives",2010,588.385707261629,295.539212495373,1192.39240322032,824774.983621407,406485.074822431,1726401.28977816,179428.402958904,108026.197560563,289416.759713622,0.382815383713196,0.232841780027525,0.592791937969317,0.000915803784290954,0.000497656166737528,0.00164413189571057,0.878509035862239,0.417674198131048,1.76696379680227,0.0309186303012582,0.00266075567170088,0.106481943492418,0.108180068676736,0.0645247814817443,0.1673559542802,0.861858051711796,0.798523971617765,0.910992356896089,0.0271605496981835,0.010755665933203,0.0571562182200306,0.00337325277230833,0.000943544324518967,0.00965175498144369,0.500824363535265,0.424006394655074,0.575796076425361
"Ives",2011,967.119653502688,796.297978747929,1260.20306473019,1521478.34192078,1195880.12154195,2012675.15742075,325936.997685996,170063.519054684,577286.901872076,0.211797131428201,0.13711116765303,0.322376561275134,0.00162344503613433,0.000871135931704308,0.00306485302143532,1.11633964631549,0.718774979171349,1.52735967188463,0.00638306586008805,0.000473544203220322,0.025457357793601,0.0926859026387502,0.0555252291317229,0.143923984041446,0.885871346655034,0.833189218202288,0.927085439480118,0.0185666553328929,0.00664915203934854,0.0438516346237061,0.000482419393253825,7.44306247948108e-05,0.00177031240170491,0.552303009419141,0.488203904597168,0.621973429018055
"Ives",2012,936.040305743141,419.38256461055,1149.39747240525,1319710.00636954,606979.353543493,1757879.69553293,322608.339793188,213402.395327636,493094.211565038,0.486463445934365,0.332843329261906,0.713158582821767,0.00333336925583457,0.00203477203971258,0.00523526282428003,1.97401974839761,1.31951933454815,4.1249094955104,0.020390190650433,0.00155267817169609,0.0739666539448973,0.0631361612950681,0.0266523701790811,0.122328625830766,0.601586450734644,0.497292319913348,0.70050877778738,0.329491934400751,0.233560502517141,0.435876359241953,0.000992651805797572,0.000215004580659083,0.00331332752337626,0.510462356692026,0.433136898505254,0.586096790680918
"Ives",2013,474.160336967479,326.991705047974,570.884913066634,636230.228512879,430660.552729284,804912.719238535,606110.64621364,323513.410197127,913971.58200584,0.286076340576012,0.197816630993962,0.408397224270386,0.00292996840516059,0.00181950468351284,0.00533239880078693,0.641042537634889,0.425612149688607,1.04136279052556,0.02154132651877,0.00175773837125461,0.0664454113437187,0.627055388524347,0.475272577265766,0.764077916839205,0.227428721114485,0.130770384706281,0.358133725844551,0.13197676300815,0.0562010979924467,0.250599474087018,0.0122014767428111,0.00457773151581717,0.0285925046742281,0.505361476555591,0.436723177034084,0.575747815897288
"Ives",2014,284.08848482454,175.548051008199,482.490952543566,402998.305751554,244183.354161015,705645.290159588,179674.208310965,111995.234343646,263912.739392926,0.373103895292255,0.25350300672338,0.541036585928216,0.00165975411383128,0.00102449248981262,0.00280864950553569,1.21170513577676,0.666783154782689,2.09716302122588,0.0185969795920184,0.00136729936930958,0.0891539709494888,0.168247304522888,0.117502840272415,0.230904358770885,0.813263313151683,0.750402168379545,0.86601543541431,0.0163262261352324,0.00571212836042655,0.0371404794325087,0.0391288909218321,0.0207961033804736,0.0659113853865497,0.506379265247658,0.437238033856924,0.573193483973242
"Ives",2015,1260.36476399028,820.739282255773,1476.67199430801,1567378.10469696,1011517.6248872,2047635.60597588,151728.518531782,86384.8872541354,263733.190512177,0.422007560452719,0.273834406132459,0.646820076152514,0.00228717458447381,0.00128378638708958,0.00408220147087057,2.98218891031111,1.91090059873436,4.6033297480351,0.00459762125897443,0.0003151748235255,0.018457862324491,0.256940403520987,0.149970259107852,0.387772734916994,0.722644911342323,0.595717754094069,0.833769136750504,0.0139986511106086,0.00399386155304173,0.0504236013287946,0.0116056351061621,0.00511476590996477,0.0248148104052726,0.461475096605079,0.372664403674695,0.554439125770606
"Ives",2016,1839.72786401787,1140.26757780493,2180.06060016052,2617929.27607534,1612321.88353372,3397342.00064154,641286.273785396,405656.677103618,1025042.78303356,0.349633801289332,0.209855042513585,0.537217260727065,0.0055822186935132,0.00329542712739629,0.00903889086323443,0.385463279258199,0.264012991826133,0.635935499158912,0.0132842760939452,0.00109662163672301,0.0406033657494407,0.0664816850449139,0.0303910440343297,0.125941317792499,0.80482001913075,0.71461201671918,0.875037741023523,0.123679046357937,0.0679045613344529,0.201574215679831,0.0148087539928865,0.00751054675388839,0.0270052388079422,0.515326962589239,0.427883938739964,0.599507780393676
"Ives",2017,357.073454635507,304.581598277754,512.412758249774,550644.971593902,445239.796325744,783144.833170543,872850.535650782,567284.366360069,1315993.1514144,0.413638328474333,0.282591299889214,0.584580143715384,0.000784640905889526,0.000505724362137272,0.00125290651718065,3.39475792158939,2.11901711969015,4.83372699958298,0.0724645467836596,0.0102151294541075,0.149258714473004,0.272751982394205,0.212191858382951,0.339425242083323,0.482418493936054,0.409361822728976,0.555822487826949,0.24273246008732,0.185832010314696,0.306758383423408,0.0177610548303696,0.00870712599497598,0.0326846713061649,0.546234990490573,0.485435303571596,0.605013353408227
"Ives",2018,1561.97318909698,940.348657112117,1857.40624447043,2058095.56719153,1256093.31015348,2571844.81419019,231116.231263818,153323.271549292,351532.70559309,0.53443737780138,0.324874871014706,0.821340417628263,0.00530895627178911,0.00323770088363803,0.00859798923895775,3.15176687143143,2.11280186368808,5.11229390596093,0.0169853502161525,0.00133338544756239,0.0614849622476882,0.830390577333966,0.760189045947995,0.888204346692874,0.163432216054508,0.106793955214125,0.232380214958808,0.00452163211854573,0.00115851392197658,0.0155515118085127,0.0197433024617959,0.011068057669423,0.0352968484095272,0.512161266920989,0.45611075815838,0.568725909466152
"Ives",2019,2754.88734546178,1421.51312485119,3258.15701601631,3903956.56368063,2046615.71322832,4847971.87811833,1041606.36015337,644039.638189948,1654714.89592692,0.125053576718702,0.0645803533825215,0.222183044279984,0.0045141273594393,0.00277122375975788,0.00737722230497833,0.980772888721978,0.477398601503386,1.84644887597173,0.0244131496954373,0.00376814462370505,0.05085334162928,0.0955118451165043,0.0562183467996685,0.147386167308349,0.897817240843883,0.844412907359053,0.937665095455661,0.00566877847070114,0.0016033004779619,0.0167891005842444,0.00530084291778595,0.0022953030937018,0.0114105520598238,0.510815742210458,0.450626362494173,0.569637117947505
"Ives",2020,900.794601742499,752.268171252061,1345.75871979597,1297916.78302474,1047043.44735788,1962559.04333548,439567.254455318,265796.826064623,772860.033476235,0.411986156403374,0.262933559174097,0.616182595093421,0.0054927109801072,0.00277672309468236,0.0102207911651418,2.3034664850117,0.893266867688163,5.75038522093081,0.100970031980876,0.0702416619572826,0.119817299239166,0.546608818844795,0.488980333158281,0.60352027955883,0.416100272069426,0.359168652038018,0.47226737698745,0.0365255397733645,0.0197604505265935,0.061688585788069,0.0132294318276213,0.00675300897885847,0.0231262799959603,0.528662400715881,0.477204404877192,0.580686172552947
"Ives",2021,3026.52721091172,1371.25071033437,3751.50200213925,4130157.44589714,1849695.19336039,5352199.05154007,549538.069561911,351132.654741732,846514.833631599,0.15593506461036,0.0579148912612771,0.352181451489341,0.00390945803122056,0.00152549764527193,0.00979860654938638,0.678926299239635,0.150498638463753,2.80215353965538,0.0403831365409442,0.025068208331674,0.0871710735972731,0.773720467214841,0.721510977957579,0.822055552579328,0.214224644824075,0.168238662479241,0.265213718348712,0.0101515371352276,0.00322228967988298,0.0250476714238479,0.0345541621273365,0.0200236884605079,0.0624099031670528,0.522360386600907,0.471749508655857,0.573137549919266
"Ives",2022,3486.77961354623,2364.60454488716,4360.94884527596,5095974.49414769,3476806.78661534,6560819.54506447,552727.907871114,249988.078780711,1292451.37285564,0.118376309626514,0.0395214705653428,0.311892200598476,0.00326055700678062,0.00097546228119373,0.0101510190370717,0.496331682501734,0.0588912639424373,4.06642719552085,0.0122669045165943,0.00116726991734226,0.0278533627192917,0.264056278769125,0.192512492627081,0.349449413653432,0.710420214427382,0.625996623943554,0.787125508139674,0.0202342271231254,0.00370567936209066,0.0583660195569565,0.014596143675881,0.00770864925823675,0.0263091412831008,0.529945240517285,0.47197659063306,0.587323380707395
"Ives",2023,2746.47430222623,1674.46898294622,3454.0966808138,3945946.30951568,2352968.16719201,5482991.93538662,574878.09482329,213922.5322941,1538279.65392936,0.187285535890736,0.0692974533109527,0.441030645265065,0.00285127914434788,0.000454240605175631,0.0187525238128548,0.6892191812996,0.075365341819477,6.43751745630154,0.0290190862691,0.0231973996500638,0.0469029037440134,0.324013689001061,0.0500323343828349,0.751721026032542,0.584031407215244,0.181298186222922,0.898376692554322,0.0466783699356123,0.008674683086023,0.274472428059247,0.0175665733692132,0.00763384244895176,0.0387166818435335,0.534282659824393,0.413509010034655,0.653718687067287
"Ives",2024,1839.61338936247,545.246296455783,5488.32011827691,2567511.08854032,750943.182306212,7963814.34640379,697839.37407501,288167.243410285,1695693.94580593,NA,NA,NA,0.00253606991553613,0.000365222365522853,0.0203556100086993,NA,NA,NA,0.033704972464612,0.0114959220772824,0.104591093899709,0.244521470669071,0.0440897007845646,0.664707590471204,0.682061836671567,0.287984340171497,0.917581527928385,0.0386276793895934,0.00489757474290261,0.201510495812786,0.0299197301673925,0.00825724531445966,0.108197905936569,0.510821280075546,0.380054238860269,0.646145265013943
"Hardy Creek",2000,411.393608853522,256.960721301069,499.002088116499,427266.368161236,242868.41815306,717422.565746537,156686.983919544,53147.280620154,504256.569565313,0.294591671344471,0.176024539481044,0.515196200651058,0.00381795493095742,0.00117191978283172,0.011358925455492,0.0583302379815948,0.0357473381648716,0.101557149996667,0,0,0,0.303228371195036,0.0248451376280812,0.791543961349894,0.283425320233405,0.0230774127686181,0.78437593437765,0.283025362382957,0.0233659209325735,0.768890381280311,0,0,0,0.394268147120533,0.213863252278607,0.667278171234261
"Hardy Creek",2001,1003.51929064274,784.312092768325,2656.82134391558,2098246.05154244,1475947.08939961,4241573.55638063,125219.389823165,113475.572375703,137815.233748804,0.212407929032872,0.105678836037289,0.303347179273262,0.000186739479473542,0.000122717720471742,0.000273346299706727,0.093302890845506,0.0358993555308658,0.130461748262148,0,0,0,0.257151850410408,0.0268515644375649,0.746974985228146,0.299562593665291,0.0288111992062526,0.770206562028285,0.322783138688154,0.0269833494150331,0.791722455104301,3.46561061535941e-05,1.96737156766219e-06,0.000206399782237434,0.735069386396497,0.467829038753662,0.9053247312753
"Hardy Creek",2002,390.67116056588,327.313272304169,585.687597402729,411954.474847301,331870.731420296,592268.181672546,446630.533822421,428938.228273578,464899.823338857,0.197242783476656,0.143783232219056,0.247574894496078,0.000213323349664061,0.000179827752141809,0.000253255522999636,0.161153746996007,0.114889952638334,0.218910872500383,0,0,0,0.505255180578532,0.457023149988021,0.554172632468828,0.446871313514552,0.39724989024126,0.495431096272028,0.0469507317025195,0.0284538483757602,0.0703487411114736,0.000196192516006156,1.29418229445586e-05,0.000983546733343364,0.384020636791541,0.338805814155562,0.42950117739636
"Hardy Creek",2003,408.422929925358,391.831248528485,426.496156703245,614048.231904582,559119.955810562,670936.183600899,82248.0329661682,69657.0797461396,96997.4349974501,0.381311694617013,0.345524566151998,0.421844363296724,0.000796100365611301,0.000583861019582058,0.00105704772893276,0.143955481606837,0.102784698393493,0.190808006745335,0,0,0,0.0183788846355537,0.00824339929764563,0.0339395397630162,0.929265106174437,0.903465670029022,0.9500813504444,0.0511194170787201,0.0339910435762068,0.0734480728662949,0.000360229821919872,2.49375706383086e-05,0.00174448897164406,0.526680833794167,0.485127468460271,0.567985158888437
"Hardy Creek",2004,58.8871381794737,49.6288313938792,70.0416110013393,89579.5889910826,71895.2260425697,110760.074692841,234053.374676775,224870.267783849,243528.256630511,0.473698727349208,0.370320649858216,0.601213508723326,0.00025137883837248,0.000178774181989955,0.000332880368161895,0.5386037220695,0.330561548723524,0.850169021895082,0,0,0,0.609183354249363,0.479845814292656,0.729088316881253,0.229828761856008,0.132273685102255,0.353902969305517,0.153067390541215,0.0758995498514207,0.259875540313574,0.0011344055444365,0.000172905777254094,0.00511172062556202,0.568850297136184,0.489176428161584,0.645166521532843
"Hardy Creek",2005,75.4398144447207,70.6472754309617,80.8310109664966,124136.428984774,103527.767253345,144886.708285953,42379.7215557599,36983.3083979097,48313.7949085456,0.636638685678661,0.500163104342428,0.831988251080474,0.000738277101236743,0.000457746662323198,0.00121052286138227,0.370386849465016,0.219646860201262,0.665542152578218,0,0,0,0.236368539920534,0.135933814547734,0.364735943991154,0.735600939904981,0.599441507665122,0.842312631086078,0.0199746958272272,0.00354795534715151,0.0833603550542481,0.00422102155573482,0.00123709619590386,0.0109838602033802,0.589197290838983,0.499280946416089,0.677882709598025
"Hardy Creek",2006,104.288733252993,92.8389319461716,117.195281456736,167694.262623992,133169.0050878,205358.027589045,79076.2276314332,64000.8960637973,97610.3401365012,0.233471590253084,0.1578272677226,0.34689513625157,0.000354643488638087,0.000207055530533012,0.000629515793542985,1.43889056270252,1.15817574491624,1.79147525792256,0,0,0,0.492634927789021,0.335714480877191,0.644633348904119,0.458632897251111,0.315162642512089,0.61647466703233,0.030222758058942,0.00569466673140597,0.150283240066639,0.00114429741362917,0.000278810971748565,0.00352288929832877,0.592834344713472,0.486037057208202,0.693646525582811
"Hardy Creek",2007,15.5282454237156,11.6239196648371,20.7292197063423,23948.3875120712,17048.7898167591,33593.074968304,38861.2267246024,25818.4503967189,59431.9581124746,0.572427433391125,0.421898457806081,0.779341307877574,0.00385061775692035,0.00244921059233042,0.00601108848801139,12.409024742667,8.80283082373841,17.3037274062684,0,0,0,0.390561419863344,0.218230069656629,0.587657391307954,0.497589798905377,0.314582544362251,0.684371289279641,0.0937182109918567,0.0317606235556555,0.218290337213409,0.00452199180717954,0.00108654367999556,0.0136119357289676,0.564186873308677,0.462616627123466,0.661202985579019
"Hardy Creek",2008,38.5080076713248,21.3094239217359,67.5909483675938,51676.1690189379,28068.4957079869,89919.1150503768,13693.084162984,9014.99459447506,20609.2396299847,0.658297884712241,0.494052172589613,0.869670186458358,0.0140849631800274,0.00904263284876334,0.0219540940967551,1.42971410950706,0.789642581458937,2.62354643038598,0,0,0,0.313319264092668,0.106997371509586,0.582471375025688,0.673881475765309,0.408572120009683,0.88095871090387,0.00811677658229517,0.00226587978915171,0.0355452015126046,0.00334305910356056,0.000855835373392507,0.0100332631778329,0.491815130893284,0.359065101023811,0.619469618851557
"Hardy Creek",2009,49.4325689350353,39.0697764799957,62.9209748711654,61575.3323890051,45644.8084617973,82061.7897023424,33617.4193276275,18389.9150080215,61326.4402423989,0.370775358308587,0.245326869765307,0.550716411704531,0.00163452515627252,0.000895004477177326,0.00307783869968056,0.25245840182895,0.133995121578817,0.450095453534153,0,0,0,0.629693980331708,0.486910007652818,0.757558240865025,0.346350622483801,0.22335526869237,0.489843196833733,0.0181204351985223,0.00443557661285122,0.0601080418355208,0.00644115201754836,0.00170392077302035,0.0175103307916584,0.465177669297953,0.386490797847124,0.545876962237923
"Hardy Creek",2010,155.456602271381,128.860010581781,187.419345856066,207933.968503224,164426.640586845,263940.635301525,22648.7117048348,14120.4991449365,36091.5526231518,0.27428208857157,0.187833022574717,0.38988588103735,0.000546301589309614,0.000289194928994313,0.00101367937030217,0.727342689331495,0.544014233206127,0.98333059392587,0,0,0,0.206995219938517,0.141698396109078,0.286309904487094,0.786992174043276,0.707675791311062,0.852667247908651,0.00395050792987888,0.000956023144939971,0.0157734215203506,0.000737809418656882,0.00015423288887006,0.00237169091000412,0.479857753501828,0.408386159243652,0.55619187448915
"Hardy Creek",2011,170.968698599258,140.189556572637,207.214286178321,227842.081835823,177067.186698818,290051.878844235,56891.4090470606,37627.0226069556,84770.7875946883,0.260307566171315,0.196692339324906,0.347597254526332,0.00199017099600066,0.00128090707457824,0.00312256290517825,1.34069198445689,0.802871007793148,1.91017206724756,0,0,0,0.0260892317713558,0.012954931717622,0.0528143530282638,0.951772145295229,0.918929961190748,0.972882582012335,0.0198759283262461,0.00797446284055565,0.0433862149793318,0.000754638206611614,5.862965540063e-05,0.00345936471914248,0.469305437940205,0.398765408385751,0.54118473069521
"Hardy Creek",2012,66.5439502011245,52.1703600771295,84.5729377062287,109857.39896014,82227.2363241678,147021.738082382,59405.3509519557,40995.1076960706,84137.485727797,0.55008391425137,0.390437394475788,0.731675824219816,0.00380307758479721,0.00223989401876257,0.00602398211532595,4.08605726145643,2.52274175198348,6.30891083345233,0,0,0,0.0390843228263468,0.0126453751056804,0.0991921269705476,0.734250537063214,0.609873652629411,0.831571804628171,0.218998952746484,0.130115741716369,0.339928346767335,0.000906834293411386,0.000151221294453267,0.00337984293812214,0.585454927081238,0.489809654138666,0.675650067829471
"Hardy Creek",2013,65.0572014678778,45.6572461885758,92.2498000318133,95354.6970029971,64139.8563433678,139814.437624645,60534.2579794347,40372.5869925907,89374.4737988594,0.320801885371249,0.231122361155956,0.437431642662126,0.00451255685212977,0.00269658291171836,0.00738624102770572,0.924643603347641,0.464286147913916,1.78542035842052,0,0,0,0.785308844799445,0.657761134217495,0.879677249324467,0.153329930152755,0.0787068483342492,0.263433950343583,0.0506365764088692,0.0145220351137674,0.135189121831711,0.00253628556780208,0.000667772515530298,0.00758378407894275,0.558319237928379,0.473058050879359,0.639200849542692
"Hardy Creek",2014,92.4899487361659,75.1823327903101,113.285636992422,146236.90030771,113885.940721482,187261.984499724,30763.0364939533,18747.004350467,49742.6448707755,0.345102708004012,0.231880261292626,0.510971547799142,0.0020015618089595,0.000984179437733556,0.00373464651597313,0.699413832326091,0.340592620877022,1.34511302923161,0,0,0,0.246764529730693,0.166382765053753,0.347194389636063,0.747161844768244,0.646638008523299,0.827120868870687,0.00495041489926736,0.00114705116703655,0.020348496818613,0.00457645581553815,0.00159045457306781,0.0104570339552673,0.569275152798288,0.491121167118455,0.643854225487827
"Hardy Creek",2015,320.588681031072,180.736513493681,384.235256563235,524870.21776456,299729.005221425,684710.077733001,50575.2218015868,31854.2114371759,78090.6539798775,0.326075699156316,0.220528145744327,0.471525597892945,0.00126558880568608,0.000660166278642882,0.00241195183907961,0.617210029328246,0.392062376772714,1.08010497329739,0,0,0,0.293951977572417,0.16947831992745,0.438719784350356,0.691975507735615,0.546844860907872,0.816448340191317,0.0097438058038992,0.00308679717688972,0.0368023335811096,0.00187059102305035,0.000554446575238577,0.00546562119864627,0.609421535018748,0.511426022532364,0.701585362227432
"Hardy Creek",2016,251.14897244094,165.320505877828,387.051106306389,407010.237522991,257723.866711248,655000.825776669,165674.308953632,93668.7541017469,260825.677001055,0.201420621916086,0.141533264498708,0.285889296543905,0.00114085162125,0.000679804927893388,0.00203167674540752,0.155412173730435,0.0874565974542576,0.271690987758857,0,0,0,0.169452961938879,0.089701355540551,0.274841827746743,0.769589978588264,0.658423859346695,0.858912241574776,0.0546253558469112,0.0208990816091581,0.122191742177409,0.00382232588014839,0.00116377054266996,0.00997588517115234,0.578980179508943,0.482224291907602,0.669010292717768
"Hardy Creek",2017,64.8331875686533,26.7952316919018,133.836894090563,103716.167238788,43206.6236006012,218490.136620657,82522.9577443476,49052.3289900806,136594.172387386,0.276234469274064,0.196020418460685,0.385474241057004,0.000479980924844723,0.000263253419815659,0.000858171093894077,1.53100159455793,0.720503678417747,3.53814057208135,0,0,0,0.557461991394555,0.320957163328985,0.762716059294072,0.334077022863526,0.149439441732407,0.572844606925735,0.085496565275278,0.0208517967689428,0.254733691202868,0.00587018228069276,0.00141655272644642,0.0212851816598464,0.603264957247059,0.490166671425158,0.713329552604282
"Hardy Creek",2018,159.091585312416,99.3729204092149,259.716867124547,253652.061787924,153184.311066153,426788.451142664,28638.862832082,12102.7110259727,61274.2215583622,0.50862519260148,0.331483384627512,0.805018531385722,0.00343035594339417,0.0016459996155092,0.00783850251762499,2.88482519742657,1.31717008105739,7.26432322018522,0,0,0,0.804837227954784,0.640781799588879,0.91064537890872,0.188025612778836,0.0835255128808342,0.348336309998603,0.00421488960380539,0.000678078115661375,0.0264392935508565,0.00497173648537289,0.00157960955004367,0.0133350423652468,0.608570130731594,0.515183745710054,0.695943943676313
"Hardy Creek",2019,79.1799902812965,59.733275508258,103.973186560759,136532.623678905,97293.5285991123,188161.995513601,129878.14533144,71592.9446146011,244156.756928495,0.203911493963207,0.125386098080069,0.342363402445811,0.00357712129195257,0.00167523764813238,0.00839958924973376,1.50596423149614,0.488895886450083,4.71237973527547,0,0,0,0.0789830039559778,0.0424792149019885,0.15295892222894,0.89807133747478,0.817267391090983,0.943247382758242,0.0170086880200753,0.003985804458441,0.0592719413666825,0.00603321475920634,0.00186398315907256,0.0152780428068778,0.612402223297084,0.510374736917228,0.704582927767865
"Hardy Creek",2020,117.111633674712,87.1682816235166,157.512813523213,178212.130800573,125970.536420942,251484.738217035,27544.9999317743,15478.0314592033,50855.7522914005,0.382289209810262,0.217706063410298,0.661880020715186,0.00430391002015174,0.00167257173902204,0.0110528506155283,2.45151244032089,0.738207436015169,7.69865777943874,0,0,0,0.664133592256441,0.550822605406616,0.764110406464678,0.309318378270752,0.213326172646563,0.418963637081266,0.0215528057093798,0.00627993687170995,0.0608904523733694,0.00420906280375957,0.00126383948303604,0.0106245022837404,0.574014447312982,0.479084888301344,0.664401167755053
"Hardy Creek",2021,175.971708049484,154.138930593509,201.922458208323,326644.956855117,276352.445717508,383914.548142277,67456.5931892518,35500.7044674737,128391.802769679,0.298758421362904,0.166769400090424,0.518603488755454,0.00416634791341103,0.0014755368802746,0.0117415073199408,1.93959394967325,0.519160805433811,7.10475410635645,0,0,0,0.830256580357623,0.758058222621283,0.889492056834221,0.145546383354842,0.0909797242468247,0.21572604126638,0.0208017927049886,0.00694494333036506,0.0514630396318038,0.0139312443690831,0.00468965934318342,0.0323857435638761,0.708568597877778,0.63943281083434,0.771041971046473
"Hardy Creek",2022,379.260043178592,130.092843781543,1128.19145934377,765386.918429195,252510.526438639,2342321.69085683,97463.8922978589,53710.9360248321,173067.296372028,0.286070795119454,0.157114043894344,0.503003044842338,0.00352884341964463,0.00108138873598508,0.0111025219508786,1.62689661639959,0.23597921526298,11.7287852267515,0,0,0,0.146822743704295,0.051254128437973,0.32411632091784,0.84927667505047,0.670076245859372,0.94563905849462,0.00269432558161951,0.000507333715396368,0.0143030555519518,0.00668480296534392,0.00140881417676265,0.0261587984968298,0.727477127954117,0.643887398478342,0.804960612337685
"Hardy Creek",2023,154.864044259259,43.4820736032672,533.9854640989,254886.031925382,68978.3973952784,881960.71196752,222618.889521748,64558.1317674435,683158.383919404,NA,NA,NA,0.00285472333582349,0.000475360962879534,0.018801754461402,NA,NA,NA,0,0,0,0.377879530741478,0.0864980381015185,0.78069813848891,0.434218806066135,0.128146910687489,0.787763362941779,0.106478735844637,0.0148153535638947,0.469245080046073,0.0116789937695728,0.00238077746672352,0.0537668391524529,0.60119106964918,0.462750575291999,0.724855327928837
"Duncan Channel",2001,42.9676542031224,42.2583858911469,43.6691147480386,34196.3892753807,18871.8376663389,61382.7577065539,4428.66784652869,209.447141127358,39040.5354660601,0.206228426372301,0.124132439403072,0.357738548291972,0.0001963790201615,7.20815463271062e-05,0.000571131795614145,0.0890101581271593,0.0478375062862487,0.177668431526406,0.0803596518818323,0.00581784892722995,0.272969724900238,0.587095637649946,0.245125556237546,0.848758049149229,0.30055024418534,0.0786671657468164,0.644723079045195,0.0702911357854489,0.0057832806127661,0.322525809525326,0.00242503327707366,0.000164618103657847,0.0120119203897057,0.295157413623544,0.163150275353671,0.527359247065972
"Duncan Channel",2002,77.984059172557,76.73359176251,79.2582556370457,93712.8625553663,86120.3433914558,103081.596665718,6520.81950226533,5587.13993455512,12372.2451885499,0.265448768416224,0.194313600064583,0.30774529779076,0.000555571640099005,0.000308894205765456,0.000904802901933103,0.367291413148917,0.146275421293489,0.639669170660709,0,0,0,0.377531719954384,0.338274186638049,0.41836618535953,0.586688028892913,0.544222610943757,0.623680630049355,0.0337200038441905,0.0211469457298671,0.0595115001616771,0.00318389156589053,0.000308015120079724,0.013483933680049,0.436751295337379,0.402022094693412,0.479463559246931
"Duncan Channel",2003,70.0316095499621,68.8529188651642,71.1713279867026,89208.5220451209,78178.5630007784,100198.821436501,25149.8326235182,18322.007452524,28246.3442112796,0.392056645149348,0.215799969814603,0.534228338995111,0.00118348525837525,0.000463928651208176,0.00202444087223097,0.0976545998913438,0.051078469891458,0.172295221756253,0,0,0,0.066859995698915,0.0408238046877388,0.101362080538907,0.862764365783204,0.814068391794855,0.902873033729085,0.0674549153126791,0.0396987532043423,0.112104826373724,0.00819883121427676,0.00145397174685258,0.0301227660752433,0.448393533736304,0.393718341968317,0.502363593338346
"Duncan Channel",2004,68.998464506785,67.8702543372042,70.1404850784327,89772.7116018465,80149.2589419598,98726.7941923924,34974.9401076823,18952.6816561364,46516.9046386165,0.3177362327515,0.272017393661965,0.419899844169157,0.000203994116960129,0.00012221302650507,0.000340338816000312,0.295320642811628,0.190686230209738,0.443322786616575,0,0,0,0.510996885312262,0.435442867469649,0.589172785323026,0.359544009952003,0.293912890973059,0.426374991039256,0.126623187412706,0.0869077311856475,0.175673239613007,0.0064972847975724,0.00216098094398875,0.0171255916391549,0.479204822699619,0.430255793738254,0.524549745240968
"Duncan Channel",2005,46.0327302161374,45.2611640736153,46.791039050019,65449.5856431116,56994.404352646,72962.6266388917,28150.1836138198,25168.6321140666,37460.1201160712,0.476476587402168,0.42744575127532,0.547699920644632,0.000700295736974833,0.000459374363374589,0.00104528129033586,1.05287803883792,0.730329779884328,1.41676550229567,0,0,0,0.286458079053556,0.223865958962968,0.361385698500357,0.654847872427475,0.583329287822988,0.714382424663211,0.0577592535169854,0.0376480823739042,0.083401381515958,0.123371672377635,0.0718821524239777,0.193058488188867,0.51203469579932,0.447586294952234,0.567832448778482
"Duncan Channel",2006,53.9940492716098,53.1153601423026,54.893598777339,71236.51356437,61589.8893240599,80816.4030182894,31209.5398312377,30893.0817694209,31532.1118390351,0.410238548328536,0.33133388807145,0.494630610745241,0.00155450493281773,0.00107745202155987,0.00209293086300852,2.46728721722649,2.0237107826872,2.91529788421752,0,0,0,0.0569497518613846,0.0337723401993791,0.0892326509506419,0.928903656598159,0.895564289879183,0.953506554798017,0.013159909161668,0.00662988133512953,0.0248713894082512,0.0210644868251647,0.00862258769137438,0.045698122592942,0.498378785336295,0.445707086166337,0.550047385070209
"Duncan Channel",2007,38.0239358495691,37.3912663301537,38.6241013077651,48632.4099228145,40107.4866568854,56714.0931397999,29467.945208921,24119.5622826466,33044.6089215785,0.48930675878111,0.37556259761614,0.612978239042876,0.00455942024673057,0.00359589529064504,0.0057888031257292,9.22348364163749,7.86205234789205,10.6137724529836,0,0,0,0.295336040855434,0.214258217933283,0.385787759825556,0.462288632458601,0.380867823773574,0.540543458362588,0.238149114481808,0.169344755231793,0.319621192091979,0.021754330381341,0.00855737465925572,0.0498055513844604,0.513959589515398,0.45645296047494,0.575567755820958
"Duncan Channel",2008,42.0262748306539,41.3293439160882,42.7051333869672,50419.0613554194,42445.5450833996,58492.7136079995,24377.0081548425,18059.5659357383,26992.741106186,0.522912930983089,0.434953317451593,0.632493095374618,0.0146694281850787,0.0119400758747369,0.019719181002715,0.990424806750072,0.634044514504211,1.42159030082004,0,0,0,0.414370652381748,0.310515491012706,0.522726250000371,0.51854413900323,0.416157366008244,0.620176709767274,0.0638674135789677,0.036124402702505,0.10424569597909,0.0438230560449278,0.0213629710584897,0.0783359456725257,0.468974519977258,0.404738605737177,0.532811693597638
"Duncan Channel",2009,51.0304979942525,50.1576131017568,51.8997102211481,57166.138462734,47587.8338314693,66911.2994031233,26924.5056747855,21852.8814265427,29378.540376716,0.278342594289722,0.193642348903564,0.380520020077936,0.00157537073583009,0.000997472581917449,0.00234324062192121,0.392478797697888,0.272715732105948,0.549254248562811,0,0,0,0.604609687571786,0.502409862241116,0.695163638470221,0.370483939009151,0.279784200742085,0.470614926746511,0.0237838275215755,0.0120303390454792,0.0445058892082728,0.107992506647453,0.0568059861893547,0.188074431327549,0.452486418977903,0.391172055270734,0.51522578304636
"Duncan Channel",2010,76.2025283825699,74.9621332844804,77.4386065603824,88807.8323709223,71057.2653472729,106425.764570071,15800.948738643,10855.8960037161,21966.7706249885,0.33338987696432,0.273956528453992,0.42001134766524,0.00126708057125575,0.00085447719001487,0.00189069258879878,2.88180346566846,2.40837264045908,3.39843497529271,0,0,0,0.221303525164137,0.154940134469376,0.302875189757555,0.769396835702051,0.688285963888852,0.836643669820303,0.00832785942964309,0.00304595488142346,0.0192855232535606,0.0111802029988911,0.00369165017666677,0.026838638303582,0.473114774051039,0.409919393624145,0.541099246710985
"Duncan Channel",2011,143.656196229269,141.314419575342,146.015074119947,166400.335574387,138438.483095106,192855.993545765,29559.8222801827,27104.2326257991,32379.0456949763,0.411097431697389,0.347134614646419,0.50116753905404,0.00740779421135196,0.00610997512781382,0.00890841238163771,2.87214888780408,2.48889800914578,3.2950577497428,0.281125550531164,0.22021006656566,0.321737476624009,0.0913593300571567,0.0610065381824318,0.130836433091763,0.880803784613888,0.836752420630931,0.914540901552961,0.0264032346037859,0.012049507427766,0.0499657970931062,0.00227998351138652,0.000396632864739667,0.00811819408777733,0.451808676396583,0.39943784771358,0.505918180993403
"Duncan Channel",2012,50.4315144962194,49.6181820255709,51.2381275864754,69071.7962439902,59978.9478806283,77566.8014089319,68207.5047970895,60953.4138028632,76553.1049880675,0.54659342827953,0.472802099384736,0.674172639311615,0.00604742746588962,0.00508262882760825,0.00719929388331106,7.90786031397637,6.64038366971072,9.33541525277622,0,0,0,0.114428331528868,0.0687495666690823,0.170552341022579,0.593211492021907,0.509954298498703,0.67148815045238,0.289044008589078,0.218461128604797,0.369894374245414,0.00806745226103831,0.00235625373455236,0.0201647725379997,0.516826095566907,0.466378579128746,0.568017496017625
"Duncan Channel",2013,87.7250243912851,86.2982136284391,89.197030999779,87293.9292501256,73389.0815072648,100954.618771485,37124.6050658468,34324.9903955612,45444.4939461378,0.395242813200189,0.339216620048919,0.469722543633436,0.0105276365884126,0.00832720976277944,0.0129045254850226,1.26716778144741,0.91795497617442,1.66773276535334,0,0,0,0.835371058451724,0.779375967359399,0.885186025519586,0.132382635085283,0.0876515092821084,0.183168597434511,0.0305981297315772,0.0159633794120703,0.0539021574501763,0.0224844232354624,0.0092617895106162,0.0538841100776526,0.408402192871405,0.357555891982197,0.459162311425422
"Duncan Channel",2014,96.2989602385445,94.6929814638691,97.8758727163005,102322.82998499,85919.2996477492,118531.472812032,34386.3967099137,32114.5776887859,36884.0915890738,0.349917806112528,0.262452852594071,0.461531470494269,0.00323610641463361,0.00233199933680744,0.00428461131471209,0.742095239600442,0.55690022105626,0.961767486292302,0,0,0,0.284220477108006,0.204327239105994,0.368832142180897,0.710179012897164,0.625682617739586,0.790449569320822,0.00448944428540945,0.00153096174412528,0.013418405760948,0.0425916484074414,0.0220996722459262,0.0732705834738635,0.404872465198202,0.347270431130654,0.461002824513044
"Duncan Channel",2015,182.209934168675,179.245870125586,185.277214879916,201931.079067371,165904.620186449,232562.795762359,35454.6047452985,26090.455724419,47466.8596861027,0.324630114758617,0.282053219196502,0.395885595275758,0.00200339290430344,0.00145729995673696,0.00276481695775433,1.63501023828602,1.27276614934467,1.97653950048776,0.217506265439219,0.160051373953042,0.257658351099859,0.260087403132615,0.217996539100476,0.304870835383779,0.71618728558771,0.669487422504189,0.758653870367932,0.0232638195939395,0.012040281799418,0.0393189541561559,0.0211669432786062,0.00913208583125268,0.0446300602271548,0.445431373791986,0.402589118847774,0.490382536715359
"Duncan Channel",2016,267.284437005509,262.841223158148,271.693716426718,284865.496986671,239630.61880943,329335.945203209,65545.3936203027,65137.5900694148,65979.3183186169,0.324296546875168,0.248485634155246,0.414335655583195,0.0045448517281713,0.00354434463333599,0.00549149734655131,0.557480961586116,0.44252986632958,0.6777284637674,0.0141722348712251,0.00100348018823382,0.0565817368241471,0.191044877555285,0.148520092426555,0.238937104331424,0.717525277393329,0.665100172993539,0.765758888308256,0.0900937349572336,0.060962977906362,0.126314038208374,0.0342743793006739,0.0160388190468801,0.0637415245975464,0.416183851180615,0.369916097815683,0.464578496902614
"Duncan Channel",2017,75.2228706748224,73.9929577403654,76.4278387600445,92093.3054868354,78749.9793248839,105903.258640582,91836.2595138306,71226.1655966863,115990.844938457,0.418811521188571,0.33269259681994,0.50791356688962,0.00162014475391119,0.00119144208185597,0.00216708264506089,1.63383506748463,1.16661970014442,2.19505671276663,0,0,0,0.452781474471178,0.368255901319015,0.536094978071329,0.371537929767798,0.30027905613668,0.450979019612148,0.173380633375746,0.129076962764556,0.227827762709457,0.0434183339056709,0.0206920504506247,0.0817898108726676,0.490442059818649,0.438971605902914,0.543124513018108
"Duncan Channel",2018,191.915185645549,188.837438613741,195.040398853117,173484.091301868,141768.763956801,204872.292330343,39407.1839476881,30953.6667520581,43355.4524970531,0.374319979089463,0.302819838047365,0.470046195263205,0.00320209079869943,0.00227109239022236,0.0043630527638493,2.85236310251306,2.07107166266478,3.65602206761463,0,0,0,0.85424970281725,0.809157090848981,0.889473108968753,0.141658298967784,0.10701836040366,0.186107550342087,0.00367366302756683,0.00159162663080017,0.00845805015469667,0.0517897302527516,0.0260860625763998,0.0927674568907944,0.384951708517939,0.335851822048353,0.435394323117914
"Duncan Channel",2019,105.990262918451,104.301192071335,107.726257197896,107475.644825547,80982.1667953403,130679.877648184,64690.7010728525,56146.1264051259,74820.7914963566,0.250629675133437,0.189881806017673,0.325248169223517,0.00843338956222079,0.00600584771935991,0.0111573930663651,1.83372942369325,1.26325359558523,2.50860389806442,0,0,0,0.314665660961151,0.243890249087001,0.391084110418835,0.671662476865223,0.596258248869155,0.744772300792164,0.0121606571291617,0.00557926991096651,0.0260914224114976,0.0452426490268882,0.0201342534013951,0.0903471410515855,0.431472946595775,0.379907560430894,0.482375652971584
"Duncan Channel",2020,123.075461746149,121.074889283781,125.048984284431,152831.701282157,124252.862499485,177177.896716261,26551.0097457859,20038.6853050018,34755.3854414306,0.387846282386533,0.329163368637841,0.477381250404596,0.00732760706299875,0.00488705651854527,0.010572166371871,4.95222904527933,3.0526239786623,6.62619796478949,0,0,0,0.475927316446495,0.410710923329051,0.547193007472464,0.498671551606126,0.428965095538005,0.565275912472717,0.0231248483027378,0.0133769709921765,0.0408519417028867,0.040560311591115,0.0205348088603651,0.0743744141262792,0.511500128779988,0.457438050211451,0.566251912423398
"Duncan Channel",2021,529.543252557022,520.960450715748,538.377155314168,603530.082277182,450909.805355826,710843.012452994,59129.5614504369,55161.6296524203,63281.0357992471,0.337684490532434,0.220826919106081,0.452168805305193,0.0102775990309574,0.00637461489936204,0.013949757746828,0.772363340991944,0.340311872523808,1.56337018481776,0,0,0,0.842767862447892,0.81668544680036,0.865894894111626,0.142632307470292,0.120307124154351,0.167183960775956,0.0142819942682913,0.00853402029794927,0.0232555527732856,0.0655081875623327,0.0362617037891574,0.110416004361253,0.511997533273809,0.479522832792315,0.544192079361325
"Duncan Channel",2022,272.76264661816,268.233233990265,277.1952141762,297622.516859406,228122.115654483,351427.579243054,209608.353871904,130168.52065612,232674.172809299,0.167199314703816,0.141669871963295,0.217900921522092,0.00206823835977713,0.000902677893190677,0.00460448841349785,1.11258163395787,0.212014084390233,6.03397726734985,0,0,0,0.313343759562394,0.266905341075553,0.362338663942367,0.668563844207995,0.620043867068849,0.715613395177457,0.0167168803909872,0.00862779203756203,0.0305777058957493,0.07479720210912,0.0371522053629294,0.135410431516024,0.457006925175302,0.412944296808265,0.501039235286175
"Duncan Channel",2023,107.062931165772,105.292652064573,108.817050472368,117470.433041051,84718.4784070759,150970.327032148,49732.2338376672,49479.182542618,49989.224981327,0.416336468609071,0.311314553845429,0.584719257902236,0.00609005486353106,0.00116313716841766,0.0329694449788875,1.16490036133886,0.167768162599142,9.30324497205549,0,0,0,0.426781994813123,0.163535897493263,0.709098949198215,0.497550874379346,0.226126326255661,0.766603153997886,0.0552102705476667,0.0165403151723209,0.188599173754112,0.153022288605532,0.068522675912123,0.30372650750137,0.47365188503025,0.38401764060181,0.574718813172665
"Duncan Channel",2024,332.952762014694,327.576474453227,338.415852071055,378025.710117308,254941.604989886,525148.910789441,48631.1405322259,41541.4046370516,56955.1752302537,NA,NA,NA,0.00254541882358798,0.000372294173720133,0.021008760120039,NA,NA,NA,0,0,0,0.23521884852272,0.0453071535346472,0.550329901962132,0.75407690445682,0.440871862541095,0.943830813232116,0.0079199836466829,0.00219220052076606,0.0281543220165756,0.0557198850154361,0.0227155929678917,0.117784687441676,0.469222180241072,0.32960830635211,0.625697515434347
"Duncan Hatchery",2001,NA,NA,NA,NA,NA,NA,NA,NA,NA,NA,NA,NA,8.44025472095764e-05,3.57637484175441e-05,0.000198966385022203,NA,NA,NA,NA,NA,NA,NA,NA,NA,NA,NA,NA,NA,NA,NA,NA,NA,NA,NA,NA,NA
"Duncan Hatchery",2002,NA,NA,NA,NA,NA,NA,NA,NA,NA,NA,NA,NA,0.00025990404814497,0.0001699359276648,0.000407592268738625,NA,NA,NA,NA,NA,NA,NA,NA,NA,NA,NA,NA,NA,NA,NA,NA,NA,NA,NA,NA,NA
"Duncan Hatchery",2003,NA,NA,NA,NA,NA,NA,NA,NA,NA,NA,NA,NA,0.000210304766901271,0.000151459327077961,0.000287072942786858,NA,NA,NA,NA,NA,NA,NA,NA,NA,NA,NA,NA,NA,NA,NA,NA,NA,NA,NA,NA,NA
"Duncan Hatchery",2004,NA,NA,NA,NA,NA,NA,NA,NA,NA,NA,NA,NA,0.000281604905039094,0.000151249053963364,0.000451819484455314,NA,NA,NA,NA,NA,NA,NA,NA,NA,NA,NA,NA,NA,NA,NA,NA,NA,NA,NA,NA,NA
"Duncan Hatchery",2005,NA,NA,NA,NA,NA,NA,NA,NA,NA,NA,NA,NA,7.58499142516302e-05,4.58602761374485e-05,0.000121354040224751,NA,NA,NA,NA,NA,NA,NA,NA,NA,NA,NA,NA,NA,NA,NA,NA,NA,NA,NA,NA,NA
"Duncan Hatchery",2006,NA,NA,NA,NA,NA,NA,NA,NA,NA,NA,NA,NA,0.00017993031462207,0.000108237333294045,0.000303587493514817,NA,NA,NA,NA,NA,NA,NA,NA,NA,NA,NA,NA,NA,NA,NA,NA,NA,NA,NA,NA,NA
"Duncan Hatchery",2007,NA,NA,NA,NA,NA,NA,NA,NA,NA,NA,NA,NA,0.00107494612981298,0.000687019803141483,0.00161492171025139,NA,NA,NA,NA,NA,NA,NA,NA,NA,NA,NA,NA,NA,NA,NA,NA,NA,NA,NA,NA,NA
"Duncan Hatchery",2008,NA,NA,NA,NA,NA,NA,NA,NA,NA,NA,NA,NA,0.00250875476452576,0.000876850565312212,0.00686223279776998,NA,NA,NA,NA,NA,NA,NA,NA,NA,NA,NA,NA,NA,NA,NA,NA,NA,NA,NA,NA,NA
"Duncan Hatchery",2009,NA,NA,NA,NA,NA,NA,NA,NA,NA,NA,NA,NA,0.000542832830467531,0.000322133400091862,0.000900207636871325,NA,NA,NA,NA,NA,NA,NA,NA,NA,NA,NA,NA,NA,NA,NA,NA,NA,NA,NA,NA,NA
"Duncan Hatchery",2010,NA,NA,NA,NA,NA,NA,NA,NA,NA,NA,NA,NA,0.000379086806993383,0.000247370154540481,0.000571914098983795,NA,NA,NA,NA,NA,NA,NA,NA,NA,NA,NA,NA,NA,NA,NA,NA,NA,NA,NA,NA,NA
"Duncan Hatchery",2011,NA,NA,NA,NA,NA,NA,NA,NA,NA,NA,NA,NA,0.000735795690822109,0.000507628163871973,0.00104580172272639,NA,NA,NA,NA,NA,NA,NA,NA,NA,NA,NA,NA,NA,NA,NA,NA,NA,NA,NA,NA,NA
"Duncan Hatchery",2012,NA,NA,NA,NA,NA,NA,NA,NA,NA,NA,NA,NA,0.000469131827202778,0.000316666114119206,0.000687281956046112,NA,NA,NA,NA,NA,NA,NA,NA,NA,NA,NA,NA,NA,NA,NA,NA,NA,NA,NA,NA,NA
"Duncan Hatchery",2013,NA,NA,NA,NA,NA,NA,NA,NA,NA,NA,NA,NA,0.00151577891533628,0.00103544075227932,0.00218513033928684,NA,NA,NA,NA,NA,NA,NA,NA,NA,NA,NA,NA,NA,NA,NA,NA,NA,NA,NA,NA,NA
"Duncan Hatchery",2014,NA,NA,NA,NA,NA,NA,NA,NA,NA,NA,NA,NA,0.000630086979259338,0.000411565985866959,0.000958958789201658,NA,NA,NA,NA,NA,NA,NA,NA,NA,NA,NA,NA,NA,NA,NA,NA,NA,NA,NA,NA,NA
"Duncan Hatchery",2015,NA,NA,NA,NA,NA,NA,NA,NA,NA,NA,NA,NA,0.00062679021610425,0.000445071520145373,0.000878813862857252,NA,NA,NA,NA,NA,NA,NA,NA,NA,NA,NA,NA,NA,NA,NA,NA,NA,NA,NA,NA,NA
"Duncan Hatchery",2016,NA,NA,NA,NA,NA,NA,NA,NA,NA,NA,NA,NA,0.000945249878169023,0.000637095114437787,0.00135604060624056,NA,NA,NA,NA,NA,NA,NA,NA,NA,NA,NA,NA,NA,NA,NA,NA,NA,NA,NA,NA,NA
"Duncan Hatchery",2017,NA,NA,NA,NA,NA,NA,NA,NA,NA,NA,NA,NA,0.000418619760089646,0.000294296621885001,0.000598868459104183,NA,NA,NA,NA,NA,NA,NA,NA,NA,NA,NA,NA,NA,NA,NA,NA,NA,NA,NA,NA,NA
"Duncan Hatchery",2018,NA,NA,NA,NA,NA,NA,NA,NA,NA,NA,NA,NA,0.000728117709180283,0.000472960087116587,0.00110793799901414,NA,NA,NA,NA,NA,NA,NA,NA,NA,NA,NA,NA,NA,NA,NA,NA,NA,NA,NA,NA,NA
"Duncan Hatchery",2019,NA,NA,NA,NA,NA,NA,NA,NA,NA,NA,NA,NA,0.00329534253194687,0.00236356639131753,0.00456691964401083,NA,NA,NA,NA,NA,NA,NA,NA,NA,NA,NA,NA,NA,NA,NA,NA,NA,NA,NA,NA,NA
"Duncan Hatchery",2020,NA,NA,NA,NA,NA,NA,NA,NA,NA,NA,NA,NA,0.00123266344366045,0.00077307454335214,0.00191686605015101,NA,NA,NA,NA,NA,NA,NA,NA,NA,NA,NA,NA,NA,NA,NA,NA,NA,NA,NA,NA,NA
"Duncan Hatchery",2021,NA,NA,NA,NA,NA,NA,NA,NA,NA,NA,NA,NA,0.00175123747763635,0.00103528510306123,0.00289229838802955,NA,NA,NA,NA,NA,NA,NA,NA,NA,NA,NA,NA,NA,NA,NA,NA,NA,NA,NA,NA,NA
"Duncan Hatchery",2022,NA,NA,NA,NA,NA,NA,NA,NA,NA,NA,NA,NA,0.0014673632802422,0.000663706646814736,0.00315959680277561,NA,NA,NA,NA,NA,NA,NA,NA,NA,NA,NA,NA,NA,NA,NA,NA,NA,NA,NA,NA,NA
"Duncan Hatchery",2023,NA,NA,NA,NA,NA,NA,NA,NA,NA,NA,NA,NA,0.00088922985022246,0.000168172999273801,0.00508543108943541,NA,NA,NA,NA,NA,NA,NA,NA,NA,NA,NA,NA,NA,NA,NA,NA,NA,NA,NA,NA,NA
"Duncan Hatchery",2024,NA,NA,NA,NA,NA,NA,NA,NA,NA,NA,NA,NA,0.000807608896451344,0.000118304824399206,0.00643288382273553,NA,NA,NA,NA,NA,NA,NA,NA,NA,NA,NA,NA,NA,NA,NA,NA,NA,NA,NA,NA,NA
"Horsetail",2004,113.193681067374,90.1392727349218,142.242632012613,142792.972198472,103937.298312564,191802.765003721,72085.8130724326,24672.4585661713,199594.350489935,0.618232367982359,0.355528473169328,1.08359007407844,0.000277806173695809,0.00011838859239186,0.000659756789949117,0.291505870440608,0.196393516194737,0.433750330701247,0.121792706512398,0.013392964668365,0.277067994804366,0.476041920855747,0.368878508710363,0.578925823616771,0.328881238294383,0.238552940602306,0.430234447374811,0.191395687759515,0.120993034617649,0.277504335888076,0.000913699941710338,0.000122280232843085,0.00430487531738836,0.464482437172898,0.368109420921235,0.563676271534102
"Horsetail",2005,12.1724436101682,9.7301062226376,18.9923261469365,13055.6881780611,7626.37927003195,21444.5065674443,87503.8907459369,49172.557228007,157208.963919237,0.639562808959057,0.412714585473286,0.954075692183496,0.000376726103487553,0.000202010948928799,0.000697373442358905,0.421852460539676,0.163454030169949,0.897351791441376,0.286898158649331,0.0363892365704312,0.55454405246272,0.416767559563089,0.252975190917459,0.594949860621402,0.496194344910229,0.322478719832699,0.673309694684164,0.0710128512531877,0.0152305778564843,0.193189412928073,0.0192705590280245,0.00358463043473698,0.0629792617908324,0.382152105018166,0.236938240317197,0.539375607563475
"Horsetail",2006,63.562702889117,41.3550984892034,98.7134453304493,64825.6374307032,33203.0396223901,117403.753039107,8237.37332779211,4240.74613161185,15313.2618099617,0.438403280054433,0.250480561514638,0.744690567709565,0.000636132909104741,0.000279992280201485,0.00139348798270722,0.688223666884792,0.307785771745269,1.31494614347561,0,0,0,0.0370304428425522,0.00614966219464204,0.15052495246511,0.811773334033542,0.599969102533952,0.936829384492334,0.13281156928497,0.0273795549869528,0.334620703883185,0.00282246322857346,0.000501134726663808,0.0104761983953522,0.361842710433205,0.203733613963828,0.5594339406922
"Horsetail",2007,27.6927039844476,17.1896269004481,44.9511543411436,36966.3639646044,21604.8915078269,63214.1185078995,28214.3748819383,12724.3005796979,56808.4190263036,0.478841038980305,0.288306319404611,0.759145114589159,0.00154278235830288,0.000729487347707648,0.00311064747585686,5.6829170619755,3.32507645035906,9.55701768928967,0,0,0,0.14795268736683,0.0501470888291959,0.340326698914634,0.570504436266456,0.344818083932262,0.777149314147977,0.258277717710993,0.0939003019865546,0.480113107531339,0.0035676915470412,0.000648391021494548,0.012669865258754,0.477513280366533,0.35985162745527,0.606018769645995
"Horsetail",2008,30.2868341208933,22.8961760363953,39.7232199198425,40825.0917224766,27831.9020539721,57839.9859315785,17741.9042226242,9546.24669777312,32475.4709446388,0.705638109379087,0.471214141852804,1.06086895768359,0.00881873501452564,0.00461830497333666,0.0168517965067362,3.75227142086821,2.47723333641317,5.50688490194875,0.0948055979155221,0.00692052717393005,0.296393893003098,0.13261669472982,0.057817684766659,0.261809274453278,0.814149846288896,0.670095297782896,0.909369503247192,0.0417995083955464,0.0106671406313333,0.132073389788516,0.0045191281865213,0.000898918670686454,0.0141863058682915,0.481513396808257,0.362616377628758,0.598899871610729
"Horsetail",2009,6.76441149304692,5.54360960888925,17.9616170230752,8880.80229933115,6382.32964900952,23961.1334799633,28867.8555963116,17378.6559728508,47567.7321428444,0.864534386038387,0.57904085256582,1.29180591458917,0.00395485092676345,0.00224141887874185,0.00677835062274267,1.12153998964991,0.47116558505605,2.41497540347541,0,0,0,0.519277619304486,0.281159243413547,0.76712102531957,0.29116722717342,0.114418635624712,0.546216683369843,0.145400149315992,0.0345817081019856,0.403552825613393,0.0419098484213507,0.00675179827695149,0.151356324326028,0.471346186482771,0.379574329308418,0.568245845621348
"Horsetail",2010,51.561444242975,38.5952430970296,67.4824516366591,72137.3878248975,48676.8083869894,105033.458228024,8017.84971829643,4558.6566163348,21076.3201790858,0.528539196676351,0.308466688198554,0.848575527906889,0.00101124700563806,0.000434783837933484,0.00226152479548906,2.81371632763546,1.92342352701333,4.01370899444066,0.123337665335345,0.0127970754958007,0.341090850348184,0.280303756804259,0.0530989883827026,0.677829357719855,0.717695419623091,0.320562888101303,0.944756995970443,0.00132915451154796,0.000293130721123495,0.00810966180413129,0.00289860630828986,0.00051645134699663,0.0110178611164198,0.512382658550138,0.376315531604639,0.647989635178295
"Horsetail",2011,120.029155688628,92.381759351986,155.092163244319,179615.984861856,123881.325940915,253768.17869135,37959.0510446637,21018.5223323492,65452.2915144853,0.448176882892816,0.299294896276805,0.670578932840865,0.00385396129130753,0.00215060021717546,0.00695696544342146,3.05035180914697,2.13879113604458,4.31767647479408,0.043861748717433,0.00371222146298131,0.151726981419198,0.0748322925681507,0.0225221485869484,0.21921659324606,0.889789549768347,0.741123527278131,0.956798948812227,0.0230860243877026,0.00629526791828001,0.0943369826416727,0.00195718310200272,0.000187833535972324,0.00916329107159489,0.534873008912867,0.404696147972885,0.65425255240323
"Horsetail",2012,73.9115862581473,51.3418752158467,107.115909434191,113219.295333719,75550.504039241,169012.133483002,80371.9561691138,52395.3193497477,123422.030160535,0.779191822377327,0.546353883524289,1.10532420340357,0.00452233737330244,0.00283312651135713,0.00732616105121833,9.0798085648265,6.13893919551866,13.4650322737721,0.468681572621818,0.297244563452156,0.589653713642752,0.0269941191933393,0.0051829161372935,0.0855172519324309,0.689911453184808,0.546682333647293,0.884414621435167,0.278426914207215,0.078667974910963,0.421047238651419,0.000736383984058383,0.000107451870549531,0.00293789328794675,0.538618815904981,0.44537217440382,0.628630084068122
"Horsetail",2013,47.1966397630331,32.1682333703097,69.6002189590498,59660.9398868107,38402.216234004,90154.1148651889,88411.3270324455,55878.0857915552,137123.414579227,0.590703743007199,0.416143347132092,0.817220998415921,0.00763446664649779,0.00486830724712762,0.0122979109945734,0.854555669635251,0.487400804393672,1.47231903185462,0.234416759244821,0.0296913362303336,0.506726524875178,0.811220020783463,0.521291716547002,0.931687342614897,0.0763965223595553,0.0215279002983143,0.228756587555668,0.092513375136418,0.0193151063422282,0.344938314984298,0.00329855802662633,0.000626771732585792,0.0115379972518857,0.480837978536397,0.391418556291499,0.569903164605447
"Horsetail",2014,64.4050741951951,48.5863886700364,86.4301631849703,89202.3773171211,64224.9584830585,121925.731633996,35157.0707579828,21365.7300289618,55949.4367537396,0.342461100309702,0.21789656669001,0.504922963135904,0.00114416653067172,0.000636991719567837,0.00209275390753185,0.688356405039588,0.390029970539003,1.14115179362835,0.503309656640939,0.412418834377996,0.584747791273633,0.261748543827548,0.186627696416855,0.34456790750881,0.735016964819748,0.653190378559884,0.811226948168269,0.0016125046585358,0.000270407101359255,0.00923482672170047,0.00414467049892903,0.00124409188402845,0.0104991705435401,0.496783997802744,0.423160027925271,0.573297855330156
"Horsetail",2015,400.721747796461,316.34704565809,506.098058905295,591470.856470098,440850.666605714,786485.083735997,30234.0309570643,18203.1302474824,48280.7745129872,0.272032873193258,0.124253483309166,0.514379858998351,0.00146197485180909,0.000799361109270677,0.00263672860813388,1.25343737160364,0.929162220954119,1.68725066525799,0.0147642149950051,0.00122725692904878,0.0550910254669924,0.250161443379665,0.152340347608672,0.367680679525671,0.738158714045094,0.620187448528135,0.835024740333693,0.00948168589169679,0.00280750546888616,0.0331233426201383,0.0017791625066813,0.000484400980728601,0.00491453533691585,0.533514097283681,0.439110310059945,0.62645501035603
"Horsetail",2016,591.712823520917,491.558483821858,709.541987540752,818212.799619136,610050.872152686,1066125.13233772,157535.37162088,75990.7531381239,317106.678478058,0.206487310608108,0.0868669671937957,0.383354736845864,0.00317567302812104,0.00155102622759811,0.00673815964624991,0.168054917885084,0.106755391686569,0.25430115493841,0.041660389274058,0.00362664784396782,0.116350431217602,0.0157645377752962,0.00631659250912694,0.0444931111793142,0.910194939143706,0.841710292917167,0.954645013013733,0.0700554266416863,0.0301300354764328,0.136044074360488,0.00192000124089483,0.000525908278103472,0.0051275158656608,0.484519499317096,0.388227477407224,0.5820585624044
"Horsetail",2017,61.3769417557117,43.200891323565,85.925117149798,86658.6643306597,58245.5732517298,125857.706183281,163455.101514695,77702.8241603136,296886.956611051,0.417297371200636,0.272810232433384,0.662224433766309,0.000611305748598332,0.000333341606133265,0.00123672448362019,2.39304967823411,1.42879803048953,3.7937350935932,0.0801316610676814,0.00804026625501055,0.253146622573982,0.256471965204159,0.131718935474269,0.415832671468143,0.459240919887421,0.312502861509197,0.618227885189053,0.269666967354057,0.142839253060901,0.431119455624434,0.00735480894404142,0.00204767409836217,0.0211776426252945,0.505555006207604,0.4089654537966,0.600336071565086
"Horsetail",2018,298.846439572339,237.650374243523,376.044491622401,353007.811896611,261378.591109401,467423.067858973,36201.7491432485,21386.5868422697,60302.8583580428,0.549285538420078,0.29446924032698,0.922132587190011,0.00403375249229998,0.00227907719437434,0.00700181885489149,2.80286822968643,2.00655763418666,3.81472129403319,0.0718593279095197,0.00607818177596358,0.219271526454204,0.909292447648965,0.839719097974983,0.953727896327999,0.0844939257246273,0.0413294977161909,0.153506226075091,0.00456771566853494,0.00101976071801931,0.0192436532708472,0.002735933472292,0.000729860058400086,0.00793168428620803,0.457330736226631,0.374797568351322,0.533149344146381
"Horsetail",2019,193.214081621636,167.157522064263,224.122564354547,250704.172313593,199152.585145371,309899.685709911,189359.942513901,108626.747406459,328227.187575573,0.246974081293018,0.171647567931735,0.347964608453022,0.00436241686320039,0.00247015899089185,0.00783557925049454,3.23077831610355,1.44246038239638,5.23626946097336,0.198084907745419,0.0297804218115772,0.361793751015792,0.142384961640691,0.0812368094720946,0.230047024998037,0.852255247089845,0.762920017239432,0.913916810177355,0.00397769611850541,0.000906448505846261,0.0165207358065499,0.00246187447471927,0.000674390268086431,0.00646195186585272,0.46170498611702,0.385693607836889,0.534489706226804
"Horsetail",2020,123.497051601765,89.2129408421414,174.507534927177,162847.956232037,107398.230518607,244109.188200231,61972.2267298732,43254.8324107303,86756.2719612965,0.734281560258539,0.454762020672449,1.10166610735298,0.0101042203076169,0.00447923394077496,0.0176340855508662,5.94887647688424,2.31357886528505,13.4099359281729,0.0757724646365697,0.00637345630316295,0.2451706789019,0.458443587348861,0.282480801120371,0.63495948346502,0.480980071006003,0.308679077472233,0.657265049033869,0.0513884340902412,0.0145331418049982,0.137209365301191,0.00434154412541033,0.00113255852799534,0.0120984882734571,0.481817324321072,0.377495243527954,0.590303454499763
"Horsetail",2021,480.317553755878,388.359381705318,593.609767799713,574439.506093487,436335.402272042,742467.232248727,117007.469038137,71967.5475278817,191116.342667832,0.28343397181993,0.108505435041756,0.629800770619714,0.00622424774393695,0.00218941908619141,0.0158789543287267,1.15419510928319,0.263866827659118,5.10648838187887,0.231444975523189,0.0491800782028301,0.367977926543081,0.864652309317547,0.79651903198145,0.91651400386851,0.129982450995142,0.0774363665914279,0.196741469952093,0.00443354248269275,0.0011041701349923,0.0157383405713119,0.0042732478811806,0.00101631802133843,0.0129150006271593,0.458346813262463,0.38655357423177,0.528191258668659
"Horsetail",2022,438.210326241756,306.259913293712,635.830947171579,505584.146247936,343749.904836519,759717.293974316,160507.26524683,65606.3398915652,362326.143090111,0.249387195411492,0.101597616883295,0.574438823377956,0.00351480112795843,0.00101874625669062,0.0117074604944362,0.803432557955217,0.108842958275104,6.39148427557636,0.0624844565438953,0.00531450614796838,0.196887574145238,0.376409272443093,0.302288154059117,0.45942255474668,0.6099708788212,0.528492831306362,0.685207203530236,0.0097656790753077,0.00250534879069751,0.0349045388948121,0.0072246990135852,0.0020146881424197,0.0186103763110127,0.41989261027075,0.359838522283012,0.480387381612729
"Horsetail",2023,781.246857338052,712.101965816123,855.969528242588,911770.97356169,626114.678466713,1236677.27622082,122932.839374996,52805.8394586935,308878.165784517,NA,NA,NA,0.0028673458297745,0.000458279987691073,0.0193425527031879,NA,NA,NA,0.0263940799414711,0.00248330946282373,0.0680297091201274,0.442141728682602,0.0532575024419294,0.854556009348844,0.5274583911829,0.125966842710619,0.922295707632864,0.01476378090576,0.00320902620189913,0.0928990002566218,0.00290791508302069,0.00079569596483262,0.00774960457076622,0.425853346875271,0.294989177110962,0.58052174595795
"St Cloud",2002,213.159532473422,53.7038368504354,1043.74379582211,233078.549688594,67581.5815513674,981660.433793092,221633.236034211,80048.6090613706,586219.411405083,0.40739669280032,0.125150702865435,0.864459481018719,0.000862023505454898,0.000335527813345926,0.00228086237283325,0.737598158018916,0.155295442535889,2.80689562495101,0,0,0,0.379307957978683,0.0957813856722025,0.735975395422258,0.389666938404238,0.0978737489270521,0.752116336820605,0.164406039021768,0.012461171085613,0.535684757594959,0.00109667781313758,5.02394755669005e-05,0.0100132717421055,0.41562694354392,0.186406372784504,0.686261073800514
"St Cloud",2003,185.765850720798,136.755782751599,250.806442694751,224188.467821893,157125.987250082,320764.046201624,92096.3561978794,37185.9189797152,224719.503639373,0.603649310035983,0.358778227501758,1.05700210932645,0.0017504145735811,0.000751570921791148,0.00406788422885582,0.277469624486821,0.122692168547482,0.585121574489347,0.331661176260721,0.220102478690458,0.420299745599693,0.0760374163919103,0.0388564450719609,0.127618924091691,0.8852255823232,0.82618406334121,0.932175595753164,0.0356519300500127,0.0122027769215404,0.075669698179266,0.00170261208418959,0.000113099693937273,0.00816572551541875,0.430382408866377,0.34695089544533,0.512261125454403
"St Cloud",2004,112.347141661921,91.3433230474305,138.481654096194,137190.752660404,103776.765924521,180028.074231798,135522.93246325,78742.0747527308,247520.149455174,0.629436613889553,0.379573879523879,1.02777893787658,0.000374796337729734,0.000166223188483681,0.000805840286505351,0.176018863515913,0.0665115501387439,0.427961343869327,0.17202817260761,0.0320915181590308,0.289168346487566,0.68453201145497,0.587882062910968,0.778538958355444,0.258879915009796,0.175930946940312,0.35348549894123,0.0504617421901158,0.0157795492175528,0.11063263731232,0.00141082272771549,0.000171401094448007,0.00643962112009915,0.459679059603367,0.37661670889864,0.543713169057863
"St Cloud",2005,95.1294009617622,56.2404294462569,162.790846888405,105929.80862572,60293.8723561497,192191.011965051,85796.9879775021,49365.2599699931,147631.605750543,0.367845152782296,0.203737217264838,0.632427402194153,0.000229405646553984,9.49397817750275e-05,0.00052024841969074,0.206212586935085,0.091188449961724,0.449506737457963,0.082743999861389,0.00752230577404049,0.252067267362189,0.12034447889673,0.0502337751948712,0.225983940553188,0.861609959490354,0.73991141289757,0.938968449921644,0.00638965554458208,5.79815371480414e-05,0.0803856469207876,0.00532977435282025,0.00103874536254754,0.0186669789747588,0.399089458584473,0.303701850282936,0.496321475162236
"St Cloud",2006,149.261426917792,121.394446088171,184.042815814795,176080.711901372,118611.112313875,254188.080748526,39398.9871733642,19135.787141759,77052.1780509835,0.293779063888294,0.167425241643462,0.494850896295477,0.000505705320060846,0.000236270078817116,0.0010629123632959,0.914572963551134,0.546025348095037,1.49178746058188,0.0892466098582204,0.0121969198898987,0.168595252454566,0.100791537213985,0.0248013096421075,0.271938547962625,0.867618947040796,0.692319125068808,0.956760819979465,0.0209197427584124,0.00405746552984677,0.0869451580074348,0.0017995106462426,0.000314504578196893,0.00625760627213308,0.420075263324831,0.293526118009398,0.558641869052744
"St Cloud",2007,47.644255994288,21.9634757226959,102.17545168828,57695.6130137546,26725.9579243664,125660.612646216,51116.8509725983,28326.5566613861,89851.8965539793,0.536927499112949,0.332125429450972,0.853262559968268,0.00263900784187697,0.00136901333071236,0.00524408085703393,7.17568588031644,3.37401873874646,15.3718828352996,0,0,0,0.123095451186102,0.0218520802214729,0.375929103301612,0.681387839041933,0.367475548464075,0.887754578213943,0.150027606556507,0.0325292733697025,0.456263245611471,0.00335751410558425,0.000530584800488171,0.0134439566906103,0.438702697059276,0.311433779985752,0.580799505184942
"St Cloud",2008,18.6869403669295,7.03844631067509,48.2582675457375,21897.5426647049,8022.46859602886,57903.5967371512,30914.237050279,14452.0760504507,65444.8638000414,0.683868963541893,0.420548877271845,1.1425442406957,0.0110042832525451,0.0052499613070031,0.0233481593980107,1.91456554438773,0.715892545672815,4.99584107443618,0,0,0,0.229680156988285,0.0632769608806626,0.55522358947394,0.659694268704899,0.332512855598513,0.881934780887929,0.0743144638459674,0.0153668724056248,0.289755261435345,0.0133266839246471,0.00211444022448473,0.0580881684253994,0.420521278012378,0.289853388748698,0.566565039682736
"St Cloud",2009,30.7734456626686,16.7150617035493,58.1878569181373,36312.6205913109,18733.2745728947,72410.8342851765,14918.6012719115,5458.14404167056,39069.8750281393,0.541073690323057,0.295202024230417,0.945870904728813,0.00244261283533525,0.000980764171070731,0.00560396519031275,0.571221877676878,0.228829084778435,1.32872972576538,0.0926314312442263,0.00752310868923663,0.307211677705302,0.525661618514566,0.211870138806194,0.806171554345853,0.445348073076948,0.177025264938854,0.756548802433422,0.0163244746140866,0.00195721046616854,0.0993916764147017,0.0149609410663679,0.0026881849478914,0.0578127342490103,0.4390014060976,0.313187884875187,0.574033691416926
"St Cloud",2010,130.738266100323,84.3470404858287,200.183089410415,161471.850315031,92920.1230968412,274568.322791591,19828.2039430153,8434.6080736217,45041.5263191729,0.378239540076574,0.210616309640208,0.643772115516793,0.000900388906154561,0.000379076883644273,0.00199251875526108,1.05746041761261,0.647630964288509,1.71991604398537,0,0,0,0.125755596422169,0.0295585161388612,0.346104661645703,0.862699177456101,0.642348153858478,0.961753898650308,0.00697082856967055,0.00115929606059348,0.0385946824788041,0.00222072629867055,0.000325373385036261,0.00864415982910271,0.442722924466002,0.306990671032067,0.593210770627898
"St Cloud",2011,302.369635889652,231.818999602778,390.378224576007,394463.246449354,259320.569391601,571140.339955509,60627.7743254031,32910.5281292266,106696.181649094,0.239745533376814,0.130672289210587,0.390072958840071,0.00229460285231659,0.00119838393582169,0.00434125614283824,1.0920487315175,0.791643525951685,1.48761227076202,0.0271962455644673,0.00213103721877969,0.0877999407545667,0.0252972376717885,0.00561766744722973,0.106002051420317,0.937293415277335,0.822521617619233,0.980316844052521,0.0256139012011944,0.00522217029740828,0.116692395836879,0.00130062430903307,9.33922748920096e-05,0.00590749378981946,0.461579924958018,0.324260740808983,0.602547862461693
"St Cloud",2012,72.8635910330668,34.5416684211464,159.491586805574,92594.3745064076,42058.0154399202,205379.910337856,91686.8317903708,52321.9639334133,158316.582622311,0.59257932676184,0.376427486120406,0.945579854748107,0.00360451287382855,0.00202992895910493,0.0063787877633479,3.33675300008277,1.57622095625812,6.9483270871239,0,0,0,0.0594470714045007,0.00989504654117705,0.273683317839117,0.353351961412868,0.0851117906438764,0.752286505918808,0.541993145864978,0.160881974080432,0.865023841574121,0.00215161662117407,0.000269545811958776,0.0105210452891273,0.451436028811951,0.323895611172743,0.573589895032198
"St Cloud",2013,66.152595131523,46.3164544043077,94.6398443769056,72960.0453557346,46990.6267667834,112354.315162522,54497.7979499689,26074.1011572849,112485.93847461,0.365021200233925,0.232642751294901,0.573277409907486,0.00448312558901718,0.00222616861545391,0.0092640317881555,0.675305907678318,0.374104121862935,1.1983556810467,0.174344431797984,0.0199253717443382,0.417025140945572,0.821426222544453,0.510348619622254,0.938414592685622,0.144443524782674,0.0456851600785953,0.397966546485382,0.0184624938512196,0.00173910295759016,0.147040264238225,0.00424342926105106,0.000783738603381373,0.0147127888644485,0.420279196009265,0.315838333771401,0.533390068321488
"St Cloud",2014,88.339678851501,65.0649934904661,120.14033315829,101694.061095704,68926.6627000092,149349.704822299,26545.6385747319,15636.5466828916,46317.3895078306,0.352703686798704,0.222435166610898,0.544938954733771,0.00169322529899171,0.000889534329372963,0.0032229314070742,0.712549694602957,0.402502373476097,1.27074082891692,0.0522960524021471,0.00436410953599309,0.189682317632472,0.2084699029485,0.120925161922373,0.321778659761827,0.783063682685967,0.669691177451932,0.871024287762422,0.00541868903468274,0.000971392273460583,0.0245909815830583,0.00855464190385494,0.00239634017716203,0.0226008824397586,0.413061513269171,0.319310083129609,0.515154161569673
"St Cloud",2015,335.335596622463,290.243261147429,388.379349682328,382496.149540648,267799.977432064,519923.804425007,35825.8653811415,21886.972323893,58491.566571385,0.344844560225559,0.172347680053268,0.574871083116297,0.00174713192708345,0.000958088549635714,0.00324619129830022,0.712568857011511,0.388280720159507,1.35181246494176,0.0107835789735283,0.000717580945501609,0.0435660729881082,0.0807347284107229,0.0286516902026231,0.191092132366945,0.906907993841552,0.795895475315349,0.961792383332268,0.0088470917284037,0.00244979886389366,0.0341875231315922,0.00323987275027362,0.000882942460090317,0.00882223089866385,0.402546550366429,0.291163852248376,0.528809297017773
"St Cloud",2016,238.867519861177,195.993818376547,293.611471414049,316564.057041603,231888.910441172,427523.291960448,127376.652644782,68929.9327520901,222245.237987456,0.24461257995246,0.151632372347861,0.38072601467056,0.00189092090601431,0.000987665470275266,0.00370499067451333,0.325922591846977,0.178277818449554,0.591985493497249,0.0307244684356673,0.00237962668010639,0.113911635642228,0.0658455930427658,0.024031652943322,0.150262557143618,0.868317516773823,0.763119488735998,0.934077258783815,0.0569470116894255,0.0204062189356303,0.136075127251002,0.00705271408065294,0.00190115106230341,0.0192264060756274,0.469813788801562,0.360822233942562,0.579431467867835
"St Cloud",2017,77.8616226424609,52.0006730014421,117.707615385366,92749.2927644747,60212.3173149786,147019.95258103,76071.9472630986,48190.7356649986,124126.846892141,0.467785239417432,0.303945347470699,0.699053385483429,0.00101717439759869,0.000555911725073743,0.00182542627090015,2.12175955331445,1.22079650767831,3.56707502343867,0.0491879264036347,0.00367332742170802,0.191018714681957,0.493229268949099,0.353070019601805,0.634875804536977,0.349964860430288,0.225707077372995,0.490645948947211,0.146839860552749,0.0698978871635911,0.26391543789757,0.00890632985198892,0.00235933966380819,0.0245428404888297,0.439007019780933,0.347318489746573,0.540813379493767
"St Cloud",2018,171.265557026358,82.5791475805859,352.266886211842,195587.390104124,92366.4637623249,424049.700228134,43494.0209004415,25403.9643261528,72365.5169338264,0.552732152671848,0.328015802012736,0.837769718860618,0.00380325180113306,0.00218479519558635,0.00662483911227216,3.63652130935369,1.6607586217294,7.9616995738128,0.0561895525750587,0.00450386376085353,0.221742307956971,0.868903768403241,0.746752838287994,0.942023862642294,0.119391846275948,0.0496322301594828,0.238317201367089,0.00695839394713042,0.00132109048324881,0.0320898579164631,0.00739136437227894,0.00169717125143613,0.0241921490070956,0.442655694253473,0.332847038553077,0.559621527126464
"St Cloud",2019,113.674321997899,50.2656211079356,251.294330538343,138163.238259732,60225.2228066525,316323.173524672,104792.547013288,52118.0578508053,222088.834887477,0.281683471081989,0.171049241000811,0.462394531695228,0.00584901855000158,0.00283989208868211,0.0124358959516062,1.88687381156024,0.787177989148346,4.46945276936004,0,0,0,0.285357545062177,0.137116752169912,0.473978667753464,0.705411951530256,0.513676312519482,0.851915228731987,0.00661604029608445,0.00121209955756791,0.0351673452817825,0.00789650981656581,0.00183079021062199,0.0256484461077973,0.4444768518297,0.343986481862151,0.551881126649825
"St Cloud",2020,128.352835652102,74.658334437878,211.840545594724,157894.62021533,85919.410556701,272057.406389169,39500.6106404517,16800.0142112939,83824.6335911531,0.45878001404705,0.266054307773554,0.779041513511269,0.00549036324327244,0.00253703583071948,0.0118282758932332,2.75807353399623,0.990680405742605,7.00528912427086,0,0,0,0.629965561038282,0.480997802890084,0.761318705050275,0.348766374602287,0.219211691383135,0.49503234040247,0.0151655455887698,0.00341557915722587,0.0595342471955644,0.00687545535836618,0.00185644133983153,0.0196460762273425,0.460135084533989,0.355922568726721,0.567104509002692
"St Cloud",2021,445.753887021521,360.754454263019,550.663307117968,540324.458355111,406207.947621218,708437.372657233,71345.9180678364,37813.9013860021,137263.159842271,0.247015340425793,0.0885453626060628,0.51505905232606,0.00491763805441241,0.00181552420374983,0.0122519371768319,1.00919625841908,0.213733372443088,4.19516530432298,0,0,0,0.807806391272367,0.718652994954836,0.876784690422365,0.183329782763302,0.112849424022364,0.268873841568344,0.00711457900830804,0.00173923532919863,0.0261564194935521,0.0090293281216262,0.00236322727222636,0.0258635701908539,0.463546353171886,0.380145366618698,0.547100806315415
"St Cloud",2022,249.355382743218,54.1522717272656,781.156658813403,311138.715594537,67443.2804530426,988718.494520329,132152.761358424,49020.7556054063,282678.715653541,0.279963963583738,0.100673335093171,0.580395889232097,0.00356307001343171,0.00106617184292583,0.010958884379098,0.956477792422785,0.116831544944348,7.43583903825017,0.18430893186802,0.0215606986035734,0.613878180964034,0.188449009872294,0.0632813392289313,0.403428966987786,0.788371975894273,0.571512406398472,0.919067936031518,0.0144276555453746,0.00216849122613801,0.0674158882667976,0.0163480252220901,0.00338502436697977,0.0602148829653906,0.452642547056943,0.362225340450076,0.541442730993891
"St Cloud",2023,303.226589854118,220.380741538629,419.231161005491,361516.938951105,223838.447365081,554222.449381541,77696.0892018639,18925.7296178569,283538.860834404,NA,NA,NA,0.00281599021904749,0.000449472136462403,0.0196681809706135,NA,NA,NA,0,0,0,0.387500241534288,0.0536699878725747,0.829652557909342,0.528819224019495,0.126370723513072,0.901861224621982,0.0328914477053325,0.00541558924083792,0.25879990514331,0.0115513156433535,0.00301935292845749,0.0330515104024519,0.436806089673919,0.297670428660137,0.582187694828352
"Multnomah",2002,1587.31096334396,1175.0079430997,2135.39341098841,1652624.92003809,1172872.02611126,2297179.23981616,550853.801028034,225214.95803886,1353152.75126402,0.221103355339088,0.0962114662065232,0.454536297308275,0.000816649978347611,0.000333830409033199,0.00194995192011275,0.226776688548164,0.162692791219385,0.314481224840507,0,0,0,0.34289236077675,0.287488645130249,0.400343813893246,0.635518582052564,0.577634810000658,0.691759352235263,0.0201898509707981,0.00793520842734004,0.0415109249434571,0.000153320943904145,1.17030366577539e-05,0.000702427355287811,0.377489518963625,0.323148366563397,0.435079163619454
"Multnomah",2003,1126.00372845476,1021.83244191851,1236.50933945852,1439797.52523403,1204024.44958937,1705186.07663414,358899.049584906,171310.265822846,714762.191870549,0.268577505277173,0.170333518491982,0.405059506915884,0.000999369855162716,0.000493737493702924,0.00207286796383594,0.0857659794561145,0.0569269655592893,0.129617854993986,0.0300400129917734,0.00446130940811288,0.059638278979966,0.043384266630657,0.0216892131811355,0.0749103160962593,0.873112355815081,0.828116420652034,0.910800481632423,0.08166773611482,0.0523720107097678,0.119650729531597,0.00038663468561295,2.91667244100991e-05,0.00172978363135523,0.449902747195395,0.385191393442,0.515685434278559
"Multnomah",2004,698.729565691853,623.880784525179,779.849634159748,943676.120893984,793592.144847037,1110957.16011541,383079.499684737,254098.187948509,580051.129553954,0.356633513361949,0.235309485002467,0.537093095240881,0.000250461779145192,0.000149491604832848,0.00043183629411724,0.140041561112459,0.0965298990008766,0.200244311590825,0.0152979713059527,0.0013567020089836,0.0466658281419295,0.397531259122552,0.334619726372233,0.464566207446154,0.486449267080472,0.420998733991741,0.554229996225731,0.113112205263919,0.0755962418822621,0.160127665781831,0.000362476604047715,7.82873788004446e-05,0.00127788934050344,0.492937048437402,0.430133816661828,0.556991696766956
"Multnomah",2005,190.970823801704,159.816871813191,228.280551564376,224327.829065518,174872.926428058,284539.273192457,334284.118007404,224474.574275325,509072.987902722,0.419998154329009,0.278448288597052,0.611638158286151,0.000290550117558392,0.000181774741316387,0.000466383222028509,0.261683821824635,0.146975842462574,0.429892510616424,0.0887913658135177,0.0216414825203993,0.127699698528036,0.202884152499616,0.14226240306903,0.279245516626193,0.756875066203554,0.679473931698987,0.824652833340539,0.0365227339181834,0.0102999520005144,0.0797367252699772,0.0105817290813356,0.00477660059879449,0.0214377205628685,0.420478992143544,0.348015414714557,0.494729578994449
"Multnomah",2006,293.197544732091,250.839870151444,344.313263480425,451060.892945096,331763.903030007,592385.372870206,93869.9951650783,59900.1405498274,142221.205484082,0.285786887380717,0.184668957813934,0.440091713840152,0.000531051626534737,0.000285397215779709,0.000950082751380889,1.29667647338763,0.899455658460548,1.74536289450111,0.065396947137751,0.00807083004773746,0.128843296376748,0.0543527305902616,0.0098046613836512,0.164816529087896,0.923790139048121,0.809218397370833,0.977095465574442,0.0153618859254179,0.00362543059208366,0.055928823406214,0.00184054551145314,0.000641268490217404,0.00458333860563623,0.544648471762092,0.418011721183586,0.673903327580506
"Multnomah",2007,123.543773992014,85.2702086977958,180.430371344072,188404.489926922,127671.198189523,282607.40512276,127542.588956425,80732.6688337785,200533.568884641,0.544862149359196,0.35092454066727,0.830317818511604,0.00295067940073581,0.00170992959243242,0.00502002226745228,6.05070699601836,4.06326520841312,8.93435079431912,0.142352682017231,0.0368142656017421,0.228243276295735,0.26574289607535,0.178302847593155,0.36647599126509,0.508682826277292,0.405635069886684,0.608508330972728,0.220547792704628,0.142552838524908,0.313461180041846,0.00265463459411373,0.000887660036563326,0.00665560331007277,0.549243569534682,0.474390807447061,0.624797568846527
"Multnomah",2008,48.9440084401695,29.071673072136,82.221990841886,73673.6939466376,42053.3111143612,128235.754232471,103136.338992772,60810.6406085175,167512.935449626,0.535711075336646,0.361996432117238,0.788378179145255,0.00727509004182689,0.00430141445583628,0.0125974128607563,2.01322747388965,1.03193174697904,3.74977498338143,0.161967562107841,0.0251010209297674,0.347113757468332,0.106890813219097,0.0415946727862287,0.245129509507358,0.811436488733959,0.66605846101951,0.903813221391247,0.0686162196848356,0.025729003993629,0.165473860728432,0.0135850530458647,0.00539224162040725,0.0316050167160318,0.535276560431674,0.422190445351082,0.643551365775467
"Multnomah",2009,84.20955113111,60.6130280185157,118.121415598933,117096.767759018,79357.1468083983,174217.160286929,39425.8696864808,21381.8094535502,71675.6546186335,0.54060340398279,0.326969580928475,0.846617959432764,0.0025155788760673,0.00125556978735491,0.0048408529591587,0.495983817699642,0.222135835616647,0.973801180512799,0.203698927195619,0.125357174669801,0.284672768974902,0.494889602611218,0.294028244173845,0.69361817751914,0.392774428752937,0.2154760323452,0.594774143009757,0.0969210366108367,0.0309100479702297,0.228323351720743,0.0218249868762729,0.00884226607927713,0.0497748221840182,0.518002268550972,0.416671196556439,0.61765439835097
"Multnomah",2010,442.675017602124,374.61364558633,519.673853756354,696684.462766465,545220.257247722,884140.299416365,63411.1292178238,34838.8954172692,109526.592453927,0.262601910446388,0.155745721304068,0.417935810690959,0.000660373997006615,0.000300789215160543,0.00133353202751656,1.02682043306378,0.817464298334114,1.28308201328744,0.0701115969220431,0.0214507445834428,0.11078926138157,0.331807906503506,0.182003225759982,0.530174508042362,0.659097048256722,0.46084814040351,0.81100565411786,0.00544941775142978,0.00107492384881625,0.023620795961103,0.00107213636876743,0.000318060124685357,0.00299425868482637,0.573199394687782,0.473611683527694,0.67334493910625
"Multnomah",2011,613.659479038704,545.792957940151,695.082034304326,1012851.47008466,803463.966809704,1237096.832743,182191.513243179,109687.564356898,289944.506866423,0.217525074561786,0.141965822906742,0.326707322501363,0.00250664967861284,0.00152406432566128,0.00423521264577336,1.59958297210547,1.30730329681883,1.92524129803466,0.0111394631969331,0.00081689833592206,0.0430505421024556,0.0467946772657982,0.013842217353174,0.110821637944383,0.915331863962032,0.83931244679635,0.961911995754176,0.0313978079371938,0.00940607195775949,0.086375736067305,0.000628529345600631,6.29381040042737e-05,0.00263818837816726,0.579896445756468,0.475928487053156,0.681790985194923
"Multnomah",2012,112.802458373375,87.1117567824637,146.16904507276,176335.967849434,126627.749306184,242881.213763546,217578.617152989,148866.836984494,323517.518382075,0.675853405978616,0.440113668698997,1.010426479175,0.00450633288505311,0.00296586954465998,0.00668070607471612,10.2420688449319,7.65891036839568,13.8697037443035,0.0288651691951414,0.0019078051023335,0.105060992189119,0.136388283543207,0.0224251379194439,0.414618421136656,0.573993388870875,0.227671079909175,0.831883659004272,0.233321481161667,0.0608124985466891,0.6223843391313,0.00219488156660226,0.00048711639330276,0.00666646865971602,0.559022146200075,0.4391461344184,0.675561885701579
"Multnomah",2013,193.864499717226,160.672298859206,232.350602059538,253474.833013272,198334.278598744,323770.841783234,118184.395668995,73461.0789422067,188241.776034427,0.530097302668043,0.386433420044503,0.722481989119942,0.00978502662459669,0.00602156863148779,0.0158917869282588,0.791018314213594,0.485177664649268,1.25746479367286,0.139976646170716,0.047114746699853,0.209131780557363,0.870847694201772,0.724155924833805,0.953957714867809,0.104526205785028,0.0300151822933547,0.231252481785161,0.017095644360246,0.00248479780736093,0.0801668418889512,0.00440299587047771,0.00153082650821184,0.0110226591832169,0.502350589635202,0.424101065485209,0.582097782746214
"Multnomah",2014,295.571694132819,255.62472097154,340.15495196892,403971.285432236,328097.361128395,492980.488004246,134299.489003891,93770.7653595131,192207.919241966,0.255181007933693,0.165226702542671,0.376660604400507,0.00113548228602318,0.000640221228080631,0.00200137876135488,0.380517935817649,0.269795118562573,0.520863588960258,0.0225635618640348,0.00183702609104956,0.0819565533137742,0.214022910722534,0.154115263908098,0.283435068787116,0.782072564317247,0.713615878691245,0.841791523480865,0.00272776511223143,0.000462994068939634,0.0121891756382169,0.00643226950001436,0.00302761378960198,0.0126030668222988,0.489947546155322,0.422122948527154,0.557485366933857
"Multnomah",2015,1100.6836406212,992.699467191229,1217.29412076115,1475443.4208192,1162535.41406597,1811203.16117988,102633.790540975,67297.6175850846,152166.411468293,0.182337569546403,0.0953238247227104,0.313349003413463,0.00109716056322231,0.000677365651505471,0.0017612458641344,0.732320787189559,0.61091853768759,0.876326666716746,0.00532104103830083,0.000392578347950569,0.0199877507438659,0.156765023634349,0.08531775469717,0.254591637489218,0.813104654397994,0.710672287850804,0.886919578305719,0.0249501280088718,0.00705891073353571,0.0718190339953587,0.00223642720559383,0.000914762251772398,0.00500469275264199,0.477023558237069,0.384127748987546,0.572347618727556
"Multnomah",2016,1075.35975086144,942.112714607286,1234.55421040518,1627504.51546745,1283958.02320048,2024267.6578941,261857.611443856,143424.024627433,464900.555031901,0.18872597604491,0.111677323138297,0.286754817486347,0.00304820762930944,0.00169170740728039,0.00564478067509314,0.264313810791281,0.200064275243345,0.341400345557964,0.0615701902694657,0.00942353201729506,0.116679210291688,0.110639767056016,0.061365487931526,0.185701854979762,0.856967250867064,0.776995536876771,0.914141336372214,0.0279662025226627,0.00856514184650927,0.0709005523623112,0.00380499767595503,0.00164742635791459,0.00798510227521572,0.535409416936437,0.439259761857494,0.635362786235692
"Multnomah",2017,85.8408674588462,65.6488506329258,112.375257951719,124598.11047914,90790.676687026,169795.65370619,299205.947852144,196153.093808526,454754.463828924,0.461441174073967,0.292067489252688,0.722304519934628,0.000944614688638008,0.000596739996052686,0.00147055275376176,4.77383479176003,3.47381689315287,6.51685802258379,0.0743540708150705,0.00557955853158946,0.242140367207786,0.48860882853381,0.350164732864548,0.623422064385138,0.314808109690173,0.196973527128178,0.449709797963773,0.189288361550196,0.100631602193575,0.305112798373048,0.0143454638609444,0.00578129535985465,0.0324364379319811,0.535248878529402,0.445973921848398,0.624406063672834
"Multnomah",2018,365.719049342993,303.6437745318,443.528514452047,475829.146163982,377863.549509535,595221.111389986,57685.4147595094,34245.720465242,93884.6474420838,0.742031761512262,0.520751683463853,1.06656363056818,0.00712083688850671,0.00422878161867307,0.0121521548942196,3.69017872507307,2.8611587488752,4.73130345075861,0.155148647280824,0.0540685688922084,0.228927438504476,0.853902249823721,0.788779043745816,0.90344979393644,0.143477836886638,0.0932752972805342,0.208954324484722,0.00183019819440722,0.000473572998979493,0.0070762022868742,0.0106424713895094,0.00468946909452337,0.0214771328160501,0.498198508048532,0.435690100364791,0.560966510343606
"Multnomah",2019,463.446597815626,379.080462835282,561.688087346146,652311.004728761,512140.888307471,828299.399552153,352419.211751239,243018.387912662,520475.957734271,0.18273200049321,0.130052719623595,0.257034340810831,0.00383079220756707,0.00255427231989193,0.00577369372709386,2.16456325297078,0.985883331003242,4.13144096388453,0.0236339892185872,0.00259924959810443,0.0640431282345878,0.0627655822280082,0.0266156667802255,0.120632517535623,0.919189688770571,0.857910992409682,0.959596505687388,0.0145080378986288,0.00422281868153651,0.040263090943641,0.00480220460916214,0.00190783199723655,0.0106842079079019,0.496797993578852,0.430714978505657,0.566676086687963
"Multnomah",2020,534.153374556342,486.217385997773,586.100644276597,775480.605154744,641910.785040394,923652.317721322,118807.655977095,83766.8750362094,167721.373477589,0.452066420581492,0.276676073496038,0.721340623203611,0.0083117906747419,0.00371527170771317,0.0166634114978217,3.89678559095989,1.81399960188648,8.47465635585594,0.0225338411082842,0.00203267447023214,0.0681303168429847,0.535988316056054,0.437302714344239,0.63391124288979,0.439151506445016,0.341807569311763,0.536248558748024,0.0216073340438218,0.00760550731284896,0.0558146790089564,0.00408931468231101,0.00181143689713366,0.00876453315008738,0.538260396906602,0.454005576629975,0.621758749783109
"Multnomah",2021,657.889591822992,545.349002989904,787.829779811624,1107645.60367072,904089.563497748,1343720.87760638,349432.537135628,217930.014045323,559604.517805429,0.258252685216395,0.132692219791559,0.466786498591465,0.00616004371795065,0.00231507883736567,0.0139895033471481,1.5521942081764,0.379045420368095,5.78947429298684,0.179172309725586,0.0519619301390655,0.293287646354655,0.825475668442277,0.775773117479766,0.868588956946345,0.150562271885094,0.109067206767022,0.197046550651107,0.0231101953921099,0.0109893322972408,0.0436554623592509,0.0185033857623801,0.00889369949903636,0.0337068903006996,0.642428056061424,0.588791840657474,0.695834099263301
"Multnomah",2022,973.724906194196,879.688420019886,1086.50807761552,1683856.96287519,1447626.56495908,1950526.82868539,283790.192712823,152765.251517825,521332.786940552,0.162387951189409,0.0643488740408435,0.371599546307112,0.00355926213786072,0.00105353709752681,0.0113138368625293,0.79232049110247,0.1021284683225,6.19478253853456,0,0,0,0.305797526859557,0.207894960598816,0.419809996640877,0.688602463982655,0.574440175467473,0.786472963807664,0.00400597685561397,0.00117899633079448,0.014302613575763,0.0101701588759935,0.00437683577635906,0.0209232818020204,0.624396223927684,0.558103873804071,0.687622774387229
"Multnomah",2023,1777.98279817368,1618.0864016942,1965.88455911983,2583083.81135755,1850454.33184563,3339390.74404207,270133.648444664,110988.869852802,636498.529075122,NA,NA,NA,0.00283610815919841,0.000454089592692807,0.019109728066683,NA,NA,NA,0,0,0,0.587073835125951,0.112123500678146,0.887858870095776,0.374850286795494,0.0869879979945072,0.839498823013856,0.0184626029874272,0.00371031734944411,0.113571963404172,0.00467379387200403,0.00190022484826422,0.0103417567694442,0.539030814396117,0.393925403161069,0.678027711647583
"I-205",2002,3031.7357164649,2380.44406101692,3924.17156834369,2496826.76817638,1853000.0320273,3347953.0098906,1727468.01683556,677703.932273697,3981209.64835503,0.378686732459359,0.216130879883599,0.663086199563091,0.000790897512783648,0.000343665197454103,0.00197232306333335,0.334339268031315,0.255791588404533,0.431391790118035,0.00752194582709939,0.00455406109039429,0.0102367783548911,0.470551544442141,0.414309151597237,0.528101950139874,0.49287303753388,0.434561014311312,0.550239078474861,0.0350360215140125,0.0184038252180719,0.0583178037119922,0.000144842122839985,1.07201917977622e-05,0.000701300800457786,0.302527400120105,0.252494782220888,0.357158420368422
"I-205",2003,2860.77112069721,2607.36949345465,3137.1545532804,3916999.07208021,3465478.14223674,4389315.15178188,946526.069007633,543931.521540337,1652367.70028626,0.346923288841826,0.233510843412742,0.502050105776911,0.00108314180598149,0.000619190213803313,0.00187754284064019,0.137433882399084,0.11493704905133,0.163942467479394,0,0,0,0.0395711645791696,0.026412647364875,0.0560352201860311,0.906065233507949,0.881792633711656,0.926136891975494,0.0537332060746931,0.0386963315623805,0.0720859410780361,0.00027875507118251,2.13332523027571e-05,0.0013256504202383,0.480912423587287,0.445120714828751,0.518096553229808
"I-205",2004,2308.31643078144,2007.78455447981,2653.02713028219,3054760.97761759,2579921.15551549,3613668.42282687,1350148.93444588,919649.036297683,1971180.92928396,0.428155063443915,0.30469004252732,0.592960250369155,0.000289521864956414,0.000195491769323749,0.000437516831128636,0.246939820914301,0.205252915998254,0.300437178288963,0,0,0,0.22919460695564,0.192140377948722,0.269749076430833,0.615281330959713,0.571915711066192,0.659846154909358,0.153775130714827,0.123202690526133,0.187777438900832,0.000434493527032233,0.000112808705778906,0.00122847044952522,0.473535397182848,0.428651786376027,0.515802317674689
"I-205",2005,923.355918687041,868.406199564446,982.026340513863,1509165.0957244,1240843.83088848,1778829.01460084,1303652.13229216,936648.897302665,1827803.08645362,0.517532438141854,0.382190733399985,0.685086575538366,0.000438348015550874,0.000307919805848199,0.000625667104190142,0.838920128991371,0.698654920344177,0.984194572211665,0,0,0,0.101580050834337,0.0493017794521606,0.190086003894574,0.890428150641699,0.801474833728459,0.946718578812431,0.0020055963342354,1.77041583045144e-05,0.029435656679714,0.0185850903290114,0.011456572532643,0.0290682469781319,0.579076055218019,0.478985330461604,0.67409061752908
"I-205",2006,869.631503490314,836.921334348,904.901592394288,1454086.773209,1203067.93795087,1702101.49015241,779755.815097202,558749.689379066,1044458.23143961,0.455774688562274,0.327282739594245,0.627504419367684,0.000993792970709536,0.000707068547734804,0.00141500132704933,2.3344725439157,2.06215967661717,2.6050522653582,0,0,0,0.0413220353429703,0.012911766481422,0.0991746439277506,0.935795576302676,0.868834074594941,0.972114069994019,0.0189845598831059,0.00525488431900395,0.054903502380749,0.00382755406163815,0.00156803408149755,0.00818804936215726,0.58733653501191,0.48918245063648,0.681977263574486
"I-205",2007,575.847667472886,526.709955330496,629.97195953791,763196.109891498,660107.913486381,879648.451063655,657356.599978967,463875.467948446,921035.054122908,0.616700207935193,0.43619185080656,0.833584563698523,0.00307564374614145,0.00214631132983303,0.00449630978587019,10.2581021286943,9.26739337047659,11.3527625173126,0,0,0,0.171012992101923,0.127916427344695,0.21723743838947,0.603872443178885,0.54424624466335,0.659748225021011,0.224329042212527,0.176705820924224,0.277369276477536,0.00429131612239479,0.00177330686362472,0.00946679058946564,0.47034722879128,0.416327903479778,0.525801642538071
"I-205",2008,658.204469743791,597.797641072178,723.121088745524,928415.299070841,800846.059782437,1074349.55242544,467528.763874221,330445.247440126,643819.465343925,0.73504964384627,0.561491459864904,0.949462501851433,0.0126569515766601,0.00910934096409595,0.0180737127874007,3.20920881507815,2.75914028514054,3.71155701065096,0,0,0,0.323343760625884,0.269065312613275,0.385725826273222,0.653507605862617,0.592016005752425,0.710007972744424,0.0219156036261376,0.0113249054222947,0.0395572562203573,0.00896792607992763,0.00483437233074665,0.0153673677051363,0.510846190203739,0.455094342638103,0.567339635270198
"I-205",2009,1151.67077140662,1102.52279150241,1198.19118862542,1675282.6218416,1444065.71988655,1916142.68861493,683254.893779891,508445.805789316,903657.213230561,0.550535283378909,0.414241565099183,0.719415796540995,0.00309234583703609,0.00229302328348042,0.00424919503850745,0.590529383517206,0.485467855834571,0.707886718071793,0,0,0,0.477963049285053,0.382239231559522,0.579377491301746,0.480974833163709,0.38254900510875,0.576551774308839,0.0373303039900414,0.013533510713658,0.082284284179396,0.0160950534771398,0.00921265128054798,0.0276100265475679,0.534868281558687,0.464247550166426,0.60484977743723
"I-205",2010,2148.28955691706,2049.10928418861,2255.0532445089,3117646.07469634,2693051.90722175,3552112.94476453,921672.366698793,682655.698125169,1216487.76045429,0.270686819319047,0.194927513477105,0.368177288279311,0.000736779808062332,0.000522807292198319,0.00104169904754966,0.89968754235172,0.819682787215547,0.987799768905166,0,0,0,0.331906739509636,0.255913442140961,0.414798583727858,0.659836689662546,0.57696853749283,0.736006412822478,0.00679755851457976,0.00177622372047877,0.0212089372006855,0.00124872333883741,0.000405627213463715,0.00315452165344225,0.525153950155679,0.457933970570771,0.591117615849051
"I-205",2011,4800.97098317482,4642.97341842301,4966.82818186163,6964263.76344808,6379008.44210157,7588460.32660059,843604.828727372,617826.637048803,1137625.8781785,0.125895565316211,0.068980752412111,0.230770304564265,0.00229644111391508,0.00166565751297438,0.00319513601668102,0.661979782722103,0.535595432671808,0.799457758431272,0.0226102053537841,0.0217710853293206,0.0234518430488755,0.0398274124718739,0.0260441985022124,0.058782782313429,0.938314470825236,0.915966460535981,0.95596742291174,0.0210276977066231,0.0112625784089658,0.0344284994455857,0.000167570141932921,2.39052653455865e-05,0.000658030677811049,0.510206127908069,0.469188517762033,0.550945019185367
"I-205",2012,2469.69183985693,2248.07274775114,2716.92880029921,3705521.5238593,3202327.25632721,4267749.49170137,873418.285903972,478997.441509819,1591096.82259788,0.401125300226379,0.301231790185922,0.530583483669367,0.0036239240616194,0.00196933227245458,0.00657285769631597,2.80657419315188,2.4569230004909,3.19747956401176,0.0343885011552817,0.0313416667930564,0.0376061080473761,0.0700489522625699,0.0418318895974462,0.107234503571586,0.677326694917076,0.61691034183756,0.734938503276055,0.249461407925187,0.197497651388744,0.30776435318222,0.00045172243764481,0.000111920799741059,0.00125570764762156,0.528526875904423,0.469944277550698,0.587042557312639
"I-205",2013,1364.68675806209,1293.87726123773,1438.94575187698,1910924.06953737,1713574.22701322,2122537.17546452,1487720.66678308,1127862.28472174,1933570.1668457,0.330234537696873,0.256427452752547,0.419933732071233,0.00466150707968121,0.00349912839818932,0.0062859575893317,0.783838306705753,0.658535953210668,0.944994285377485,0.0695894755376612,0.0659957474453795,0.0732926685567967,0.551859032654433,0.485732788247895,0.611102619998629,0.320867080681432,0.264706542708703,0.382361412453358,0.12613812993455,0.088168065736351,0.172778468300114,0.00472057584347314,0.00190065377166932,0.0105072816856108,0.518677402343097,0.472199883602112,0.56641628947754
"I-205",2014,1385.42389754627,1293.72842800064,1486.82280214663,1888396.78047279,1656438.15772243,2134058.58537073,631571.858724822,491038.66375898,807889.610113981,0.324743733556677,0.244856823613439,0.423911496171402,0.00169648745682219,0.00126057675480352,0.00229979943909899,0.870805028987034,0.74592151566121,1.00898117516368,0.0578355123708578,0.0539882494716651,0.0617973297059964,0.207369531615377,0.159484838954062,0.257975584591396,0.771017409141004,0.717435415881516,0.819934085933214,0.0201916913484132,0.00894826559369564,0.0400124295318492,0.0104232562467934,0.00608102093382507,0.0170609395561019,0.486737715551239,0.436722007094676,0.537628944736352
"I-205",2015,4677.34974559679,4060.39132444126,5395.0366046328,5906175.2408643,4784450.59759857,7215367.90621288,612511.049862693,460461.882116096,798351.413330087,0.228698508263342,0.121728540373967,0.39970752667645,0.00196587650529623,0.00144278363625878,0.00267789996423133,0.637091740653308,0.545495683033215,0.743703997009351,0.0133103592039928,0.0115211722886726,0.0153217624192322,0.43185064936113,0.335400315249455,0.535419555796108,0.558367790912608,0.454350040900118,0.653698964621262,0.00764403814788098,0.00223453239042936,0.0255675712864699,0.00408289045274913,0.00189183291137439,0.00831971869380336,0.463152947712296,0.395322622304227,0.532636919721021
"I-205",2016,5148.28841825409,4949.78239812001,5353.59356589519,7239383.23855924,6349184.18907619,8196051.93450634,1325743.25271295,760088.931172662,2333067.74685206,0.126868973834883,0.0778345302813927,0.200946364342244,0.00224804943117922,0.00128714308735179,0.00393239746708737,0.196123195295918,0.169082744292045,0.226265883693882,0.0171910999895585,0.0164959034885889,0.0179146937433988,0.0514953825575629,0.0272126927544591,0.0869428962579429,0.889151394195422,0.842446364627482,0.925244095176833,0.0574659597803704,0.0318203019408469,0.0927756545408129,0.00694479941107588,0.00377071674652903,0.0115299995301453,0.494027668774564,0.435345816310555,0.555195552108022
"I-205",2017,1562.64381175419,1465.70337938191,1667.00128464585,2199147.61876537,1941947.57374202,2464824.70697801,914161.747351651,580113.224992493,1429784.58290065,0.423002438685762,0.307177303527117,0.573429454136705,0.00110613129351415,0.000698217785847934,0.00175874748557097,1.81694312581594,1.63372030922123,2.01426909004544,0.04693785310303,0.0440633418958103,0.0499361363689675,0.301720502874295,0.251656725555896,0.356803835862343,0.492832977945563,0.435975521813131,0.550758087347544,0.203341069571484,0.158924619858782,0.253184034122137,0.00675570508305893,0.00342008219427408,0.0122337878691677,0.506816360325496,0.454358713410436,0.558255775278944
"I-205",2018,2515.15766814888,2406.14458169685,2631.22369296617,2942587.76183271,2641043.23380712,3264161.68633938,933463.775563265,674116.032325071,1246101.86294958,0.413072336232905,0.295797399378273,0.57022241647129,0.0030468070071155,0.00223613605513162,0.00427132285382435,2.08459971860357,1.89650203824026,2.42007030132479,0.0330495898091309,0.0315779059582973,0.0345720885911065,0.711500917349586,0.66220221369234,0.758536032430533,0.27949687373431,0.233598771288698,0.328636102722661,0.00754776115759572,0.00257419325743153,0.018282285801138,0.0145916260647319,0.00844750478743057,0.0235977780414067,0.441416063218107,0.400225595566015,0.482587881549248
"I-205",2019,1341.01770259443,1291.86009736389,1392.64147912201,1792446.4481491,1606834.5175956,1981473.29716498,1213997.04148664,869186.954705181,1682282.20134477,0.235054952264509,0.170010871500139,0.316083389590385,0.00435467369650839,0.00309475018132629,0.00629311782713993,2.56271410967889,1.25263579567782,4.97243808855719,0.0576568778233118,0.0555012975691532,0.0599511240364078,0.167459260743444,0.125814341357853,0.214279483315518,0.820517826297338,0.773494926155277,0.863436962646914,0.0102798141186158,0.00397800849235577,0.0240006814994218,0.0130471683096972,0.00661777040645961,0.023515813985175,0.475612159939835,0.429690488022473,0.52316151974137
"I-205",2020,2232.4619297576,2152.46659313208,2315.82404063595,2909956.98172884,2609178.44792295,3212756.43669192,420062.033624433,304201.271839543,562530.319576917,0.468477176232412,0.301567505592869,0.73573959137003,0.00827307071414733,0.00387033983570475,0.0161822398098551,2.8828723955205,1.39390839683949,6.03998336339781,0.0354418404960924,0.034073185672055,0.0368401127878655,0.660225142332357,0.610344593510547,0.704761228841103,0.320417791387536,0.276557379240947,0.368424334497144,0.0184561417549541,0.00902174885485029,0.0346571975279773,0.00820581795322462,0.00451877199811238,0.0136319700653604,0.488345275457296,0.441651810914611,0.533837675436926
"I-205",2021,3772.04997617634,3644.65680773136,3898.80433474203,4823469.5713518,4357613.66031292,5299773.12676145,1359743.46702049,874338.632809134,2117014.28318146,0.208091129969273,0.107253612318656,0.370679296493637,0.004952703480126,0.00187127999756317,0.0107435991087323,0.852086439404284,0.22160182644461,3.21056809539932,0.0258363977685278,0.024904244701189,0.026794027869508,0.645591598823652,0.59517062417885,0.691240973236081,0.336163982747639,0.289906817623834,0.386334256510157,0.0175661597937482,0.00816919171775072,0.0332365824079884,0.032061319125029,0.0202631457652164,0.0484915867566636,0.478435460300874,0.43651859270834,0.519469129722336
"I-205",2022,4065.80440417335,3866.07143025116,4287.56068779901,5573297.63692838,4988767.88093918,6206489.56290799,1001445.11935275,520705.255446021,1787680.4791242,0.164517833238794,0.0769756082102322,0.346336973383002,0.00324649334275262,0.000995200949845533,0.0102196835702187,0.645606978545058,0.0890156001268208,4.7866581051709,0.0242353059494095,0.0229767691462602,0.0255142490734797,0.314847701256039,0.26290736709139,0.370244480548484,0.6701468773357,0.613333495437393,0.722718249517143,0.0136962440698032,0.00559996890890027,0.0290549299262301,0.0173752192156576,0.00973264024913119,0.0291423892811081,0.495185443886597,0.447865720365081,0.543592544978559
"I-205",2023,6254.79518284653,5966.80183085964,6545.67067453411,8790189.35443751,6782628.19947621,10879132.8725236,916001.670925921,432379.715462814,1925887.36273093,0.116973975885531,0.036943301075038,0.347689220171355,0.00289404443684644,0.000440951270084699,0.0181584024609467,0.428190027004256,0.0457285004086395,4.06975032581896,0.0120042556495652,0.0114465240895303,0.0126171169613557,0.625477080964055,0.149914125575355,0.899917235100134,0.327302018152337,0.0704900131087173,0.799995807544057,0.0239878967082257,0.00515110943713772,0.151683451192836,0.0105239765144884,0.00507348327829323,0.0191836405886956,0.522150943806198,0.403757607363758,0.644424249296872
"I-205",2024,3553.13534500435,937.936621042393,12003.7548625293,5068939.74731295,1268569.04671503,17328510.7917674,1022925.92136187,341352.715954375,2895677.46404816,NA,NA,NA,0.00264888516032707,0.000369819723895355,0.0191393067688118,NA,NA,NA,0.0220948192411395,0.0066245303501077,0.0790709408336336,0.220916481919376,0.0339581213819495,0.654356081119015,0.722426229241105,0.298556233588485,0.942990974453999,0.0249885230740646,0.00245835363461703,0.169805818657187,0.0208149762136535,0.00507148680014656,0.0815414700294191,0.518201002399357,0.382889629897095,0.652951782504704
"Lewis Hatchery",2011,NA,NA,NA,NA,NA,NA,NA,NA,NA,NA,NA,NA,0.000117953744042564,5.8316041407102e-05,0.000222923596109121,NA,NA,NA,NA,NA,NA,NA,NA,NA,NA,NA,NA,NA,NA,NA,NA,NA,NA,NA,NA,NA
"Lewis Hatchery",2012,NA,NA,NA,NA,NA,NA,NA,NA,NA,NA,NA,NA,7.77392728480418e-05,3.87316255145307e-05,0.000141061502274718,NA,NA,NA,NA,NA,NA,NA,NA,NA,NA,NA,NA,NA,NA,NA,NA,NA,NA,NA,NA,NA
"Lewis Hatchery",2013,NA,NA,NA,NA,NA,NA,NA,NA,NA,NA,NA,NA,0.000226085999183834,0.000113543400082469,0.0004113301774254,NA,NA,NA,NA,NA,NA,NA,NA,NA,NA,NA,NA,NA,NA,NA,NA,NA,NA,NA,NA,NA
"Lewis Hatchery",2014,NA,NA,NA,NA,NA,NA,NA,NA,NA,NA,NA,NA,0.000106951365699254,5.29991322413333e-05,0.000197909473955841,NA,NA,NA,NA,NA,NA,NA,NA,NA,NA,NA,NA,NA,NA,NA,NA,NA,NA,NA,NA,NA
"Lewis Hatchery",2015,NA,NA,NA,NA,NA,NA,NA,NA,NA,NA,NA,NA,8.80352350985238e-05,4.31575258699254e-05,0.000166498031581464,NA,NA,NA,NA,NA,NA,NA,NA,NA,NA,NA,NA,NA,NA,NA,NA,NA,NA,NA,NA,NA
"Lewis Hatchery",2016,NA,NA,NA,NA,NA,NA,NA,NA,NA,NA,NA,NA,0.000149841212222862,7.27242042795996e-05,0.000281228545957554,NA,NA,NA,NA,NA,NA,NA,NA,NA,NA,NA,NA,NA,NA,NA,NA,NA,NA,NA,NA,NA
"Lewis Hatchery",2017,NA,NA,NA,NA,NA,NA,NA,NA,NA,NA,NA,NA,3.50198826349973e-05,1.72108621443681e-05,6.56352034671209e-05,NA,NA,NA,NA,NA,NA,NA,NA,NA,NA,NA,NA,NA,NA,NA,NA,NA,NA,NA,NA,NA
"Lewis Hatchery",2018,NA,NA,NA,NA,NA,NA,NA,NA,NA,NA,NA,NA,0.000134896365594046,6.79244720657921e-05,0.000246309021694166,NA,NA,NA,NA,NA,NA,NA,NA,NA,NA,NA,NA,NA,NA,NA,NA,NA,NA,NA,NA,NA
"Lewis Hatchery",2019,NA,NA,NA,NA,NA,NA,NA,NA,NA,NA,NA,NA,0.000599961467795919,0.000305869762197639,0.00109507849502081,NA,NA,NA,NA,NA,NA,NA,NA,NA,NA,NA,NA,NA,NA,NA,NA,NA,NA,NA,NA,NA
"Lewis Hatchery",2020,NA,NA,NA,NA,NA,NA,NA,NA,NA,NA,NA,NA,0.000246760193091887,0.000117117078986756,0.00048294709090315,NA,NA,NA,NA,NA,NA,NA,NA,NA,NA,NA,NA,NA,NA,NA,NA,NA,NA,NA,NA,NA
"Lewis Hatchery",2021,NA,NA,NA,NA,NA,NA,NA,NA,NA,NA,NA,NA,0.000306310507794903,0.000139049402164279,0.000631133635562177,NA,NA,NA,NA,NA,NA,NA,NA,NA,NA,NA,NA,NA,NA,NA,NA,NA,NA,NA,NA,NA
"Lewis Hatchery",2022,NA,NA,NA,NA,NA,NA,NA,NA,NA,NA,NA,NA,0.000231532725390042,8.48272056710514e-05,0.000597941875771152,NA,NA,NA,NA,NA,NA,NA,NA,NA,NA,NA,NA,NA,NA,NA,NA,NA,NA,NA,NA,NA
"Lewis Hatchery",2023,NA,NA,NA,NA,NA,NA,NA,NA,NA,NA,NA,NA,0.000174201050622218,2.88831977300241e-05,0.00104446532101883,NA,NA,NA,NA,NA,NA,NA,NA,NA,NA,NA,NA,NA,NA,NA,NA,NA,NA,NA,NA,NA
"Lewis Hatchery",2024,NA,NA,NA,NA,NA,NA,NA,NA,NA,NA,NA,NA,0.000127183211391248,1.55401310193339e-05,0.00111207066141266,NA,NA,NA,NA,NA,NA,NA,NA,NA,NA,NA,NA,NA,NA,NA,NA,NA,NA,NA,NA,NA
"Grays CJ",2001,1303.59299016075,1066.60274664514,2020.94153189567,1758438.92281399,1380384.05390774,2728665.66164302,3485060.34866232,1175941.26170915,10097544.2956048,0.424363211977917,0.250764897224273,0.712610362889735,0.000515143260590961,0.00018484277816784,0.00149988321287464,0.68387984428204,0.446561965512421,0.896066036282751,0,0,0,0.158018299446132,0.115164407676758,0.205276367416879,0.812707992974744,0.761925719818138,0.858672566954372,0.0275974400442305,0.0112730406515698,0.0534370535288336,0.0456583122292855,0.0246077973720315,0.0751582032791416,0.473617933093717,0.412292258082759,0.534570078824014
"Grays CJ",2002,2922.71853239702,2178.24830198828,3525.98372955072,3426501.10094952,2514729.99263821,4334547.3971995,765512.045209898,453345.995694293,1343935.11549755,0.411504067013365,0.288168004136288,0.600809826461303,0.00118626866623114,0.000682186589287884,0.00201520175700563,1.13365397530949,0.916757917417386,1.53217480556763,0,0,0,0.806242482076487,0.749672675593458,0.858234997869432,0.138934715041042,0.0964671650464939,0.189479192319657,0.0520292616085878,0.0269729582100528,0.0888557576855794,0.0429526792147254,0.0287647462359089,0.0654231564237104,0.452010371308393,0.383488031375507,0.518747066175344
"Grays CJ",2003,5032.39407329255,3492.78091485646,6029.29277781716,4996835.8846464,3376340.93496839,6664124.53311278,1389775.78594441,963111.308229742,2040054.75873886,0.490207119063061,0.359417535151372,0.684733618988754,0.00237212635152767,0.00160211400013385,0.00343701315202597,0.286144411638035,0.224411623156868,0.412277098916503,0,0,0,0.104334456478584,0.0615431936142128,0.161295898600875,0.875561647070451,0.816661202030937,0.922422841477555,0.0166805296949497,0.00358438016042916,0.0458224496246872,0.046608065235604,0.0284212475206125,0.0751038706945322,0.358258705794961,0.284591608035854,0.434452529040607
"Grays CJ",2004,1250.61089007415,978.59633057771,1604.83202347236,1504678.06868757,1077276.19515834,2071171.81737477,2391030.44746312,1814419.65473511,3294692.61112803,0.7460033556561,0.563802462266731,0.988934504909642,0.000595296904265108,0.000418361075112795,0.000815499409263258,0.543283369466214,0.398830239412185,0.743669417709289,0,0,0,0.112067566194853,0.0508369140596081,0.211824593379449,0.830402645753326,0.725009757479345,0.905921799012968,0.0509984316653494,0.0144512117885955,0.115533193893563,0.0658419705122007,0.0353716277438294,0.117340319305947,0.427441715345784,0.332231095660442,0.531499814286655
"Grays CJ",2005,1416.05586807593,1351.69323362224,1484.88831136212,2152417.8108484,1942629.74183317,2369723.97443651,1128591.33239386,771103.093129907,1614849.31611156,0.526319427949068,0.40636110145091,0.691976790897493,0.000606152170424919,0.000407064211393721,0.000920499406749139,0.373609847167986,0.300320911993382,0.458573242801952,0,0,0,0.289552087117404,0.239153731570433,0.343452914898079,0.52035849222118,0.463232591141788,0.576920851143079,0.188530160319366,0.148612697101037,0.234639955082651,0.0525187204257956,0.0408935129568246,0.0664430971324141,0.548138480477872,0.499933108516048,0.594248576168971
"Grays CJ",2006,3726.89167137358,3439.83703093038,4039.6998451872,5079433.48662756,4496128.78225692,5723339.97042023,1131878.21857182,873198.328286126,1483370.46751593,0.181549613981018,0.137983842499908,0.238356576157545,0.000465798663076538,0.000338313226822659,0.000639901148273804,0.426066257424737,0.368772020824852,0.492951818536288,0,0,0,0.201588884722227,0.166358217687391,0.239446817913924,0.77286844980689,0.734222077561282,0.809551752027191,0.024276271172657,0.0135448308140136,0.0399771995557804,0.0253606975836359,0.0200022749463499,0.0319499016967105,0.486816970724229,0.446191748944118,0.530568195827631
"Grays CJ",2007,889.244693599436,731.784097214501,1080.16977865873,1189443.37672037,938530.25661127,1509610.29376409,920955.126598298,702632.633799247,1203475.18316701,0.37198028636354,0.275977416366653,0.48823532305601,0.00172092236654996,0.0012837610401402,0.00232320995307233,2.87307019317658,2.26645009015767,3.66784408342028,0,0,0,0.115671012566202,0.074084537176358,0.168322984692216,0.745936671011745,0.67981959681228,0.806898747416285,0.135789414246595,0.0899731028917082,0.191271935584918,0.0476907020759917,0.0321628518271668,0.0677554239944191,0.473761695894817,0.40916575666448,0.543580874290226
"Grays CJ",2008,933.566383696086,778.405516832701,1118.39185808302,1451927.87642799,1184647.61756009,1768087.59639695,442217.927277461,312175.626614422,605142.287214082,0.398459120138143,0.331068233878252,0.476839743373562,0.00580068602672417,0.00413655183224423,0.00831850228412605,3.02442817920129,2.42203409199946,3.79125809538614,0,0,0,0.337350727811508,0.274412002559548,0.403725924568007,0.632792499331695,0.565438029411477,0.695148220954011,0.0284016129710814,0.0133804284864124,0.0541157186908584,0.0500653599870328,0.0364721211375307,0.0686633091860455,0.56369403362305,0.503000551873121,0.621321923868012
"Grays CJ",2009,998.513132324193,944.875334087381,1054.28950081137,1431902.86181306,1268453.99631237,1597729.47133933,578396.497918061,477750.073708628,692871.392831037,0.669228367073129,0.541074130953509,0.827063183703244,0.00490149273415176,0.00388247102919338,0.00616770752610782,1.19904715750041,1.03281569495806,1.38352122297514,0,0,0,0.716838749799707,0.644269744377951,0.781803007273383,0.256976900544833,0.194253968967948,0.327408615187991,0.0236775229918924,0.0093743166594981,0.0509051160297976,0.0472865510888753,0.031899064928368,0.0678684800802353,0.540310012223732,0.484130783196556,0.593828807400594
"Grays CJ",2010,1069.25337533923,894.253514500028,1279.83061640728,1535384.42036029,1235592.85703662,1912330.01124755,963794.825430468,768588.484968666,1180053.70499382,0.430295304818541,0.349412696505246,0.520959262931814,0.00124976317956151,0.000972681023594602,0.00162632129344369,1.96814645868148,1.61711002101787,2.39714428525881,0,0,0,0.159387176780277,0.10556775945451,0.228773483192623,0.830666635782988,0.761152881369849,0.885687155732418,0.00760410743359127,0.00218084209705672,0.0227782744431039,0.0943651091660091,0.0679726074809056,0.127087776591861,0.511696725484917,0.454008755629304,0.570516795841396
"Grays CJ",2011,2244.10132639703,1906.60137204965,2646.67442501317,2935027.50659577,2415011.90502494,3587671.17852338,662453.931133111,527476.921029407,819144.941831075,0.287707442251369,0.235982951704165,0.35268370244029,0.00318423484185648,0.00254682579208743,0.00405791452738195,1.32155457207006,1.08274537036093,1.61692162362299,0,0,0,0.0560004616607528,0.0350415975146294,0.0829243736906483,0.920554209551542,0.889480187290831,0.946272830108721,0.0217872068990691,0.0106578010697051,0.039845496900921,0.0854808607122878,0.0662886428136565,0.10804110257598,0.461322821331318,0.410669684878656,0.514300965088272
"Grays CJ",2012,3400.51828389224,2967.06798915199,3906.61962587894,3180033.75362272,2683702.84472144,3780487.37441396,844835.369342324,693701.691480342,1032606.82346413,0.42935227469433,0.361341232688071,0.509699204679845,0.00350446551673835,0.00280112125417508,0.00439176702916163,2.03438995488764,1.73568025104958,2.38199515929431,0,0,0,0.0845098594597921,0.0596700842953072,0.11421686309551,0.750140543285119,0.70720261376744,0.79137197477389,0.164679565534676,0.128531738155814,0.202812187916384,0.0185728095688329,0.0128018455755919,0.0264938197924677,0.329789742420914,0.291371660110487,0.373265716367672
"Grays CJ",2013,2055.31239415401,1892.00937805067,2241.70671424184,2578209.36057622,2281584.92432993,2903860.70712754,1368804.12430007,1292338.72748721,1449827.20156565,0.299869466580819,0.256926459528992,0.35066637370062,0.00505425418284467,0.0045564690046182,0.00559137391415946,0.843427260646052,0.701404115565635,1.0150752328766,0,0,0,0.472947895282874,0.425257351247269,0.521003796786854,0.42822160226331,0.379959212973841,0.477286983453318,0.0974535597646005,0.0708312538765718,0.129211992944235,0.0364126227616233,0.027109823193233,0.0477707573407037,0.460076496624526,0.420369890935856,0.500930974285551
"Grays CJ",2014,1489.09244126158,1390.99219255751,1595.34966536455,1582776.45073189,1375665.56239779,1808936.0785074,772017.188231957,683086.538183558,877453.02720111,0.363895774013523,0.301482845208915,0.436453742511529,0.00224283743116537,0.00180093635343133,0.00278863593837399,0.472558095365145,0.390815742230793,0.571799023094905,0,0,0,0.181801257845104,0.143776015237195,0.227505234323563,0.772832671906106,0.725922801484241,0.815690064218586,0.0433944278729941,0.0258318314935839,0.067899336914175,0.0750719390262304,0.0603132155654751,0.0928598499143502,0.378796072939218,0.33412911172189,0.424872999580321
"Grays CJ",2015,3948.421622072,3470.17794905664,4480.74382533644,5120449.84348193,4362994.27547708,5973658.89755948,575005.315098234,484065.442826713,676466.837736307,0.218623542644128,0.183220581219532,0.26173916756498,0.0012265318938393,0.000980651829071063,0.00153437519014301,0.164721069120386,0.141063672611303,0.190510185327957,0,0,0,0.378158007469925,0.335695001360753,0.421890596415281,0.584688421374176,0.540378255955699,0.628561280770099,0.0361668899677914,0.0224829390328659,0.0557595519041265,0.0409530377156324,0.0318408143054018,0.0525152427378192,0.472575898691993,0.430727874458298,0.515421483109899
"Grays CJ",2016,6237.07694388289,5695.69132148046,6820.53686632413,8201849.05393819,7168480.38357001,9316946.96824106,1118227.73313799,1022293.73786644,1224491.71121251,0.0669659247566179,0.0564433257908077,0.079089475152453,0.00058052974662226,0.000504655066659279,0.000664425364736993,0.109853230783572,0.0859920204509255,0.139131985244105,0,0,0,0.0956518980752388,0.071694558368846,0.123490259452054,0.82366299726434,0.787505707808228,0.855066870069231,0.0801341925804115,0.0574563234659182,0.106878313842438,0.0281593886576513,0.0205374293263974,0.0374617216423645,0.463972768593036,0.421591752371788,0.507782573559236
"Grays CJ",2017,2276.13339561766,1904.36077462788,2735.74917771439,2989658.47266294,2482339.29539261,3633458.52118733,547964.630102351,493378.053629537,607681.898466548,0.437017738009112,0.357919526880944,0.530426200373872,0.00125327300429124,0.000981424334382341,0.00158104337113613,2.74690005656687,1.99495015947616,3.57067590555207,0,0,0,0.249739427022025,0.217021533202879,0.286075184178107,0.531016883485217,0.490021304839162,0.571316429905859,0.21805908522788,0.186048041377813,0.25522164899345,0.0460762699066182,0.035758489943513,0.0587570723793741,0.471097432152988,0.434687619623387,0.508957397590903
"Grays CJ",2018,920.896172199865,884.231976064766,958.492478627039,1132076.66678472,987518.677465021,1283966.52630325,1308664.0821431,1172258.51345067,1456901.13110664,0.66806472728365,0.527604656113961,0.832383789818695,0.0048218458467025,0.0036252839415667,0.00589791351184485,3.85602455014498,2.97501557633814,5.62470441910468,0,0,0,0.719681394118515,0.667580923506048,0.769737977374375,0.247473959102708,0.198747037967809,0.29863582331256,0.031655663550841,0.016127684642967,0.055327158254012,0.114329704733826,0.0920559004336774,0.140665070199118,0.464023617775523,0.407192407760919,0.51998173646223
"Grays CJ",2019,141.529932722202,106.990866237784,191.828510951661,36830.2180945589,25146.0072297146,53984.0564717643,753297.207357131,584231.930835943,952001.119098078,0.276349361500304,0.194608072079885,0.390422285574441,0.00470939198956565,0.00330250990363643,0.00767574082923009,0.402648146366641,0.223565216817985,0.714316056080528,0,0,0,0.253007037254149,0.139563185089856,0.391373107803601,0.709936269406993,0.578219343342638,0.818307867488206,0.0328861618204481,0.01257350410705,0.0763110277551458,0.719527286680786,0.592190145970487,0.815366136170363,0.0931275916767294,0.0579657387891262,0.145031797099285
"Grays CJ",2020,2769.92497564173,2385.79613891088,3223.40974951091,3074023.54586117,2545206.68783893,3710009.50564385,10175.7062117982,8670.42036185553,12039.003699738,0.415236533564403,0.337503735461421,0.507576930711222,0.00559427368752455,0.00339117691208149,0.00928437558365517,0.879684983017873,0.595009234276948,1.39579388846211,0,0,0,0.760843922685619,0.712789982140878,0.802218087418037,0.230916201981353,0.190169110041335,0.278108524831909,0.00761297361601966,0.00296805666315362,0.0147934601540365,0.0290113059189883,0.0215558986285346,0.0388172104816894,0.421022376669325,0.371932441186776,0.471125420320851
"Grays CJ",2021,5847.09051024081,5005.23833292443,6891.77564879812,7763507.36648368,6471345.43187173,9490830.24335177,1273755.92163169,1162708.1281072,1396441.69617659,0.129476257809165,0.100939569721782,0.165813297763563,0.00191456176064297,0.00132768692123882,0.00294805112911745,0.813060917026814,0.463472602450501,1.77223152272582,0,0,0,0.541561335699793,0.496549600485876,0.585439714427281,0.451634476832945,0.407891584246943,0.495943896041064,0.00636448127294837,0.0025180611583143,0.014119229037261,0.0411510423051333,0.0311352469090315,0.0538004129133127,0.491614779744592,0.451435433546961,0.533074653502756
"Grays CJ",2022,3262.75771228579,2766.37156882811,3856.90173461422,3480611.56187561,2487812.36595297,4609344.93207294,1005958.78700275,835596.626534718,1220592.25906732,0.334395003975086,0.249404421262673,0.471018318978817,0.00477911332821082,0.00262191524119295,0.0101554304101887,0.612735170226721,0.0966444289467872,3.87381100270175,0,0,0,0.0365298979580271,0.00855168792826654,0.0983204474633743,0.440800440840024,0.239995365982047,0.904814450193495,0.51350540625401,0.0469004651020482,0.727101238074132,0.301182742070388,0.184087799492964,0.469351816345899,0.373741490710983,0.292660423538776,0.450253338033795
"Grays CJ",2023,2374.04164933513,1957.99087779534,2857.4747706403,2163208.26981135,1261965.00433484,3328875.25168664,1162697.73247429,1052437.3311772,1277745.14975347,0.266801784408954,0.160750206918712,0.434363425044005,0.00169354739899073,0.00027524322575761,0.0109434536857467,0.606791023548945,0.0845858953581169,4.98926181287594,0,0,0,0.83099449019831,0.693637949528835,0.918373622847619,0.114142418871915,0.0453325862316665,0.2007977664669,0.0467392177059924,0.0104430914223904,0.163836943729348,0.199162684184092,0.109408886386175,0.308539016393735,0.348797624373846,0.211939166307945,0.510089626620975
"Grays CJ",2024,3706.05248826378,3293.12340707453,4179.94746848804,4367096.8026972,2831066.10892733,6082822.44281935,578931.105558647,343110.987626638,863439.916915776,NA,NA,NA,0.00257218800148685,0.000366877569620785,0.0198796771155165,NA,NA,NA,0,0,0,0.810247608394782,0.480170646723945,0.929837176061902,0.183724391743201,0.0642407454189487,0.515531899557153,0.00449434754981368,0.000876898549961572,0.019282899376458,0.0584375419271557,0.0237999600433895,0.101591317838316,0.448946385336717,0.296354438587319,0.604288896438342
"Grays WF",2001,2462.87758722885,1402.12538520379,3068.46669545373,2434716.9183849,1282615.57465996,3820171.57772133,11467753.0020525,4132818.50613885,33586367.8845263,0.289436157197821,0.164811041475062,0.507673585914756,0.000582466700032172,0.000199464320823246,0.00159644409751188,0.373088719825673,0.256593591917948,0.662160201455413,0,0,0,0.30877095135954,0.155796932637456,0.49955593762293,0.636755067795174,0.439889867808202,0.804969410116359,0.0369196005963385,0.00257501412188871,0.157750838556321,0.0400070613631244,0.0192306475975917,0.0824769260413628,0.373703381040108,0.22999536056675,0.539918774850879
"Grays WF",2002,1232.52804192344,782.679484540917,2002.69310280644,1391661.3316752,877134.246984552,2279146.07206773,686795.855325436,353810.220858388,1268945.48725441,0.349452730298793,0.232452357520427,0.533514674280895,0.00130354676852285,0.000693912462571137,0.00247545698642261,1.03451430979542,0.643698634344146,1.65690701494444,0,0,0,0.671964983446798,0.619260180832032,0.723395620044751,0.210504673554256,0.169167145417281,0.255419566633754,0.115957158696488,0.0837425072142624,0.153639345773086,0.151237502941926,0.114482656528457,0.193153910657449,0.423195864264809,0.368919194002446,0.480181572914097
"Grays WF",2003,6112.04446813483,4540.05597717034,7554.48902297634,7807617.90537789,5485728.02847372,10527101.9790074,495261.529932529,290589.318358675,832108.72184292,0.339739033500634,0.216863414362533,0.511908088374706,0.00260478143816356,0.00153217390698084,0.00446718160252985,0.222513878941482,0.162385848894878,0.313614783300176,0,0,0,0.0522675477908617,0.0200917008497366,0.107229796999205,0.931043826207879,0.869366133536346,0.969164548574437,0.0123871166325455,0.00161592101178584,0.0475502682119474,0.0569783811636624,0.0336111967245313,0.0934409744019774,0.452812864484966,0.358465169967337,0.55440719147311
"Grays WF",2004,6970.35811887525,6919.78272871517,7018.18339273469,12797216.2062415,11377780.559376,14128916.9239359,2599532.74260038,1721449.61413269,3974514.21278515,0.227999474967036,0.15291627378819,0.333667158334576,0.000521350371912044,0.000328693460172824,0.000812092122721501,0.132874522262335,0.114383135636662,0.154034236649549,0,0,0,0.0463100061112725,0.0215206697844553,0.0876851143134955,0.879995492001601,0.816373592684335,0.92660618248434,0.0707254587726191,0.0339986275405108,0.124422968584692,0.0177204707613908,0.0095998256805957,0.0333204565155669,0.644914265091415,0.574143463059767,0.711760365820708
"Grays WF",2005,1298.40885213171,1154.25829198959,1450.8048665204,2314803.09251709,2010663.93683493,2652613.41484438,2906591.50909978,1942606.37322191,4250253.40136138,0.24482890746259,0.17672121395933,0.337328942303161,0.000319321964135515,0.000218215529104663,0.000477433690654372,0.331843759947691,0.241229897838919,0.455510006577642,0,0,0,0.317734298080644,0.259005290997495,0.37812120243084,0.485675493404355,0.419714300499552,0.549103610167832,0.195725916662785,0.149090086364691,0.251348307349985,0.0865585999540526,0.0673918802387324,0.109074274517064,0.64525296933318,0.597938276013676,0.689527898048453
"Grays WF",2006,1217.37128960929,1122.23297631011,1322.30609096942,1976615.79684922,1768044.98743155,2214200.65648404,567019.781490214,400595.656802677,792796.541188621,0.223333019885591,0.159842426153047,0.31021550390707,0.0007529720542365,0.000491095582558348,0.00115115992138215,1.96040635034008,1.58976336295115,2.41243505640692,0,0,0,0.173693590684212,0.138569320707095,0.213674621592795,0.799636068942752,0.759070518750188,0.836744088897695,0.0253665824464668,0.0140109944532216,0.0424549431157369,0.117045971639487,0.0949067027261135,0.142582410008925,0.579155159669818,0.533994125662356,0.62421629028734
"Grays WF",2007,1446.96695786791,1125.25845384488,1867.19369934342,2497873.03028345,1913098.93995047,3285398.38507288,442883.603117858,312856.012296941,615040.485997837,0.411161454099025,0.310393355317461,0.546580785669059,0.00538878125399485,0.00375559207877198,0.00786301483262976,3.93990572330576,2.92848107214047,5.32533613869128,0,0,0,0.168239550646789,0.121613455989519,0.221220050404936,0.775844485970706,0.718163567715694,0.827426446771425,0.0540946866918161,0.0319909168110736,0.0862163829219361,0.0440261049148251,0.0296400968664129,0.0631699334971439,0.614320357139482,0.554267936224618,0.66994563807242
"Grays WF",2008,798.546413799852,729.469886949191,871.926078776366,1460314.95724753,1287082.94779209,1645131.67177677,1032161.83355926,730978.073621914,1414483.13100544,0.252267820890235,0.19671379105013,0.314528670861011,0.00556335126137195,0.00390174178210357,0.00796355034558878,2.74665509955137,2.3807091956111,3.15208661392951,0,0,0,0.17142193981655,0.126618054806973,0.22384004457385,0.772333054535955,0.715170712336392,0.822374767628517,0.0543036032474718,0.0312964431098923,0.0887878093575304,0.0882207872501044,0.0669955263968421,0.114613589611978,0.650246810508567,0.59323497894145,0.70646000729972
"Grays WF",2009,1273.47068624927,992.468371493349,1641.28804774919,2133669.31418061,1645329.22594294,2780464.57904318,367714.733473712,284790.598522914,459075.938512627,0.465632465514937,0.362220276038174,0.594119432033432,0.0059742724648653,0.00467814274986339,0.007824573419877,0.742180342129726,0.551398284039361,0.98765503932906,0,0,0,0.631991366938385,0.560577560558051,0.698636891638543,0.271769512633591,0.212265869488269,0.338444856187046,0.0932523931148423,0.0561474887104575,0.140850384713284,0.0562985773455503,0.0367148141777305,0.0821504582136589,0.625784091748232,0.577846570139511,0.671683997712433
"Grays WF",2010,1860.57889439735,1471.90218207136,2341.1376933369,3239769.64086853,2526540.91530209,4130665.5910615,1001782.11281763,741581.799098829,1294909.06287537,0.217810302274703,0.161658931792862,0.279241409709016,0.000948849928823867,0.000692574931387455,0.00133219225188477,0.99251133167411,0.765940422528731,1.28400294504498,0,0,0,0.151594092291191,0.109524100743828,0.204073836475125,0.834429290431218,0.780805567740703,0.87874938102117,0.0121614322038174,0.00452802496723968,0.0286682003189132,0.082153943201945,0.0593681397492572,0.110063481733231,0.620158458208909,0.567833388476172,0.669267218819186
"Grays WF",2011,5545.60995677742,4566.75211183414,6689.10110905615,11644817.3383939,9521614.5885078,14227050.6515589,701312.659599285,521760.764646905,914433.080779306,0.107681920737281,0.0697348662711362,0.150029900438881,0.00262948790675318,0.0019902897815921,0.00358445332640682,0.655517451260205,0.51079869987333,0.842677117435081,0,0,0,0.0346393364961345,0.0214792583604622,0.0534994102546499,0.942387176868021,0.919873514602915,0.959873949886065,0.0220472529126757,0.0117259050881415,0.0367474801921477,0.0519875927691582,0.0402381470163271,0.0671576486404587,0.739019237899083,0.699105183249917,0.774680139575901
"Grays WF",2012,2750.31127152385,2517.89601903109,3011.9965450646,4081614.35143987,3592405.12800933,4630718.30549673,1246469.36238552,835552.669024027,1738914.54131488,0.261391361174007,0.205275944413435,0.331161167077481,0.00291842288082915,0.00201733419747725,0.00454482626885529,5.89169068495754,4.88748112121717,7.13276885224914,0,0,0,0.104992183954574,0.0777292493019709,0.13704096711569,0.687035817433944,0.640793867212009,0.730255125353487,0.206697644454518,0.169728233186941,0.248405457601665,0.034776820419402,0.023884511319197,0.0486076749098859,0.523325076815214,0.478640052562859,0.570476493306865
"Grays WF",2013,1805.58765224463,1550.23933607355,2118.06107125863,2961189.77486438,2505842.9732454,3518707.30410335,1069606.53967738,831057.853537973,1338649.09241557,0.370054341369195,0.291197400687842,0.465958655168932,0.0152130520436392,0.0113609493488926,0.0204445764353015,1.69951433376166,1.33824246925567,2.16805704399385,0,0,0,0.520256722692716,0.475381555442051,0.566390251048066,0.37684240086672,0.33421596610265,0.420804961228166,0.102014360543732,0.0768824926694801,0.131684738252188,0.0625919427368828,0.0476582529697611,0.0808519747763663,0.605574488490057,0.565642487596207,0.642779370393731
"Grays WF",2014,1244.03907888148,1149.15848707528,1346.77822266595,2188962.57272529,1955347.71767506,2439291.22421026,1095327.47592464,853868.752800791,1400745.11438271,0.257825026236458,0.199329682687514,0.333914875852078,0.00279147554490738,0.00212006357569043,0.00374209029831824,0.999911546028992,0.829596896455731,1.18941006439559,0,0,0,0.111966150340023,0.0798048822278485,0.15089924115961,0.860741737080967,0.819948755559737,0.896363253090073,0.0255337474965558,0.0124924206893454,0.0464077936860662,0.135868658859539,0.110011111276279,0.165051551720183,0.621886663193308,0.57398306775393,0.669655104970278
"Grays WF",2015,5484.80918015365,4635.18708816386,6530.4902969883,7541484.36297631,6242106.13556333,9169652.49682932,563231.623856704,429447.511984727,736190.249045054,0.204738808543929,0.14142063672859,0.271683729235107,0.00219529233035499,0.00161530304127012,0.00300490662698577,0.844892637628792,0.685795262464156,1.04084031603875,0,0,0,0.470912282478288,0.428697550310712,0.513309391829105,0.515718842314041,0.472967835545844,0.558093054188979,0.0125798787446675,0.00628228526913702,0.0232443304850868,0.0444357133200733,0.0344691560189551,0.0566307264732487,0.505361488349729,0.464448306743435,0.547509176888815
"Grays WF",2016,16290.3610392183,13407.0660486798,19731.3250588453,24477486.1393626,19995072.9793372,30038380.8171315,1537373.59364956,1128294.39582719,1987803.04552538,0.0584896244500818,0.0235566314808107,0.107008457467975,0.00302898626574928,0.00225017125598541,0.00418151483952235,0.104729408424799,0.0826683219281184,0.133315198125398,0,0,0,0.121128426909993,0.0987896048561548,0.145354473384021,0.827851135381551,0.799317571702262,0.853507519419572,0.0506990143211346,0.0367001936656151,0.0682045927108939,0.0162764518255541,0.0115810875409223,0.0222856454905274,0.533125437458963,0.497562882108863,0.56824109456097
"Grays WF",2017,2127.68442376959,1739.41433119212,2620.63160332652,3717631.97860962,3010509.60486903,4605205.92919133,1433666.50834153,604566.254478244,2538736.13874613,0.260951703896042,0.175227650585726,0.400143678878918,0.00119571111063522,0.000664197315779798,0.0028484738264807,2.47793597732118,1.94389004160924,3.18314251970218,0,0,0,0.225839789134596,0.191266944232952,0.264970666659643,0.551092714323603,0.508469929641463,0.593316616497496,0.221986997058743,0.187775872306659,0.258633466672072,0.0743506026028743,0.058597218727826,0.0938809958389967,0.624518478017208,0.588494914658061,0.660984472651807
"Grays WF",2018,2977.61337017478,2664.7113538429,3329.31807981055,4608593.65111467,4025895.84055025,5241141.67212592,979582.351877441,610957.53330687,1534446.0346276,0.363113335156227,0.229542255005575,0.485523927453914,0.00537125891768804,0.0033396000137712,0.0089082336962749,1.82339893043777,1.47037402489673,2.2756763432462,0,0,0,0.671788630649068,0.627856243849656,0.714176733613975,0.299584772616868,0.258565231515034,0.342719212059591,0.0274895302431579,0.0157573394796132,0.0458875843099912,0.0533247440140842,0.04200834873676,0.0674172723848717,0.57939648684143,0.543479606466541,0.616688868380801
"Grays WF",2019,3487.99814813063,2878.02489850095,4249.04234293623,5567306.90145358,4521281.57375565,6835247.70325986,1678520.19107534,1017777.8280245,2301532.60596033,0.0978409785666142,0.074614189337683,0.127201332957853,0.00325727542773708,0.00226609532850875,0.00562660708127682,0.522238728976086,0.297434524720551,0.85311883348293,0,0,0,0.199561274762915,0.167542570965191,0.233720715258225,0.795786002364723,0.760539340219431,0.82793600988496,0.00437748517848904,0.00167684917507982,0.0096182107959597,0.0437255784486413,0.0333430976602316,0.0568621826044634,0.569248935228092,0.534768778439394,0.604768590638946
"Grays WF",2020,3088.5357917981,2873.12486027258,3317.21624201825,5590270.46700577,5032044.95869861,6161142.99292855,544737.002901499,423160.03308192,690997.404398515,0.167885977714616,0.111410177076623,0.235355298797438,0.00337173966549635,0.00185073917070056,0.00555250529075698,0.793564997832407,0.475030055114203,1.23304591305499,0,0,0,0.671040490629973,0.620388559632084,0.718106164131858,0.30965842152187,0.26324910078256,0.359912545700663,0.0182540424884847,0.00945008780676481,0.0309567157910343,0.039420092221546,0.0297557351652041,0.0510622145877223,0.678645370165447,0.631050070709903,0.721999994021565
"Grays WF",2021,7830.30143794973,6958.80288716865,8765.58654237716,13717618.2514386,11994023.7343503,15678354.3690562,937414.345647863,619937.890205196,1316357.40183964,0.0722421630745936,0.0422197372591011,0.114403469130324,0.00259614791343677,0.00149359791683217,0.0046833230067005,0.157638286469489,0.053598412086917,0.419365581790609,0,0,0,0.6046213126595,0.559301575644184,0.651156331535175,0.382228280223849,0.335384292790108,0.426990853452454,0.0126317099115771,0.00577956292355065,0.0239960091213746,0.0464913106692294,0.0355840694984619,0.0600817138343534,0.653721301008173,0.610518554208536,0.695691801319571
"Grays WF",2022,3570.35047010145,3183.985731979,4014.96900042878,4000409.64882088,2536091.15681559,5515345.83413201,990050.948527735,591399.534315287,1556119.59907688,0.0968524301585486,0.0561480354677717,0.159746811549928,0.00125984628314962,0.000460956304160523,0.00320620982260438,0.201820618780683,0.0311956294343527,1.34916997243273,0,0,0,0.229053659623832,0.0535386409936204,0.501936262557404,0.677057288403524,0.413396868688758,0.887341138547973,0.0558388451476408,0.00977659083830802,0.274429220960697,0.415152801729751,0.260407763298087,0.633748900029019,0.403576821585293,0.26263371794101,0.52804647180661
"Grays WF",2023,2282.38429915396,1987.03989219854,2622.23418947319,2738826.03627664,1850011.77102608,3836618.84418945,380317.82465885,239660.127892628,556026.70531357,0.170996252456981,0.0999122065799797,0.280301949900556,0.00189395972491565,0.000318736063172387,0.0121309606911281,0.520818764969626,0.0711682170833391,4.30851476081746,0,0,0,0.263547051361185,0.0782570915554112,0.58462996990142,0.644264939562881,0.334652532377237,0.845368078596887,0.069589788460995,0.0171009117546017,0.225391550100716,0.315386570746672,0.173896942704595,0.460492110276027,0.431893545604812,0.30154161488718,0.574824771197326
"Grays WF",2024,2626.20247465078,1927.94425918027,3550.9627894645,4103256.14526964,2658653.78733379,6266977.36470708,467713.683664919,273558.096975621,736310.850298038,NA,NA,NA,0.00256225263628732,0.000375288960023795,0.0209571032463786,NA,NA,NA,0,0,0,0.15277610660344,0.0321795464968231,0.44393164738693,0.792257496983998,0.496841287722724,0.93686277221111,0.0347639290083628,0.00785430248401603,0.151817938778886,0.124141038993207,0.0503450470802305,0.231542631684526,0.562784039061629,0.419170333445717,0.698015773214784
"Grays MS",2001,952.146494881678,758.235082159209,1348.62459988424,1269691.12010636,990864.235525518,1790172.59158893,6056611.96006358,2215407.59018261,17663281.8489908,0.672894036751804,0.38057972288256,1.19074897032786,0.000911484622929096,0.000317066421018597,0.00247709814691604,1.3743156770961,0.961909862085668,1.80612189802743,0.277283519327142,0.213528566182333,0.325685342439546,0.667294425283632,0.628787950873865,0.70654815533713,0.321705476228683,0.282439027753216,0.36036227207113,0.0100276932025431,0.00383321641192223,0.0210590391150649,0.0885520441532316,0.0442298732157804,0.164989390236763,0.497571355949446,0.454285058001116,0.540106695984542
"Grays MS",2002,3229.96432739438,2728.26816781223,5827.73722247464,5031871.11275149,4160238.4195027,8995713.20849659,869220.863383648,502556.022141294,1540053.64369387,0.273863398156131,0.114326058421048,0.472457571193458,0.00151160014471911,0.000867792002001512,0.00265691448381073,0.530178130258497,0.294961791689792,0.665672765007867,0.0914093635328447,0.0525656311540736,0.106396670565053,0.653428915399569,0.618277423538072,0.689599406959047,0.267748138457179,0.234527259652739,0.302499212465153,0.077961937833482,0.0605665025686156,0.0989583642748379,0.0624388602404426,0.0431334200719275,0.0870882532037345,0.579034655879818,0.540982540865453,0.615889658161328
"Grays MS",2003,5230.80093933528,3483.51030522429,6251.23111264279,6704961.82744856,4448493.14940618,8242878.26665222,1405700.58189395,832623.750763553,2279214.68577594,0.18416638773925,0.106005335497669,0.313609538215449,0.00124431175615549,0.000757789702720426,0.00213051057242412,0.25496148255787,0.201786148248267,0.38417237632487,0.055025839623126,0.046375209607799,0.0802625697690825,0.126130204110611,0.0998270639332472,0.158343815554186,0.847275069769851,0.81328298662433,0.877288061400381,0.0254099933958618,0.0140227469799774,0.0420914898821076,0.0823604395437374,0.0492312801586908,0.134855908463965,0.459832747330441,0.417117032074702,0.50291637038204
"Grays MS",2004,5303.09697816377,4581.1541074704,6140.00756882606,7606357.3505865,6439542.27181488,8993992.10142013,1199269.9160845,773119.896274022,1809142.32857667,0.304523476334631,0.157633705338613,0.539390459999263,0.00110345494789121,0.000714308867314833,0.00173479247506847,0.136668435754044,0.105850241997897,0.176717360374923,0.0528301271898048,0.0459390808500089,0.0606403214905768,0.100803145063086,0.0765161802995742,0.127787141913736,0.835938589958037,0.803030363694755,0.866450828762226,0.0625153130716791,0.0434466544961945,0.0858454472434136,0.028320304778255,0.0149172398728424,0.0538947871809403,0.506889779390026,0.465970622598094,0.549104729136691
"Grays MS",2005,1384.46060143664,1296.31466693704,1475.01902416409,1819037.74372971,1619709.82436984,2025698.65496605,2292866.65815059,1255270.43962084,4029637.4884305,0.397609555029704,0.240416604793477,0.590687295261066,0.000315276256992467,0.000181026425313807,0.000580326020868112,0.317845493414169,0.220613966329899,0.460405106457777,0.0846001521892796,0.0796237913687386,0.0900192798957436,0.273438681077501,0.232931336220495,0.314312399877133,0.562670110144339,0.518210147721649,0.608973484479376,0.162391163054961,0.130030656805895,0.198345879754285,0.0945633978421556,0.0742524993934085,0.118125133937869,0.472058496623373,0.429484562933405,0.513717952880338
"Grays MS",2006,1695.6535545704,1503.83122796414,1910.73401126214,1998944.96458368,1718414.40898151,2312417.27228559,723158.250989713,432181.757538314,1064535.75964392,0.304901547084173,0.212003323387422,0.439337196642773,0.000611953437246118,0.00036609750520687,0.00110244526243754,1.35411653126528,1.03430326747091,1.77932366547914,0.0645677574486267,0.0575016779457428,0.0723124741821245,0.192104363371464,0.1614932791059,0.226424325950461,0.790116941358975,0.755491544517999,0.821288910476183,0.0170347299361204,0.00944910273229678,0.0279749393178776,0.100538916374778,0.0815719328256308,0.122545786272011,0.42008644373113,0.383557011213793,0.457061225440794
"Grays MS",2007,1090.24022562992,916.357687308161,1294.05943378706,1545764.77681347,1268785.23430491,1891606.45063485,605216.945104084,423341.083128536,877481.054242221,0.581359700990909,0.415428004751762,0.803107727986103,0.00378128279648012,0.00257417068278681,0.00562448578293143,2.92655629649216,2.23138655299736,3.86277606465583,0.109334415787651,0.0937967617393692,0.127499402250904,0.1254222072928,0.0927485739107467,0.16609997222565,0.767914799705874,0.718138370131855,0.811924711531909,0.104558992008919,0.075072210991405,0.140489686477098,0.0662203666793554,0.0463474857970684,0.0927694719112284,0.503665888326748,0.454731093731029,0.554099431146121
"Grays MS",2008,711.533749103582,556.864932807048,903.765460439442,989476.099540125,754922.379211147,1282377.71824571,904859.73376515,645699.397432844,1218075.59126548,0.358433024221341,0.26895889564512,0.464020893252936,0.00351991889287263,0.00247306599726651,0.00524010467546576,2.69239157479295,1.80447627874258,4.30722467158674,0.110323661328542,0.0885604731308968,0.136421051240985,0.190091915938266,0.151668760036179,0.231911618777567,0.728686589968109,0.68121659749324,0.773231751998905,0.0801735845251696,0.0551796397791919,0.11114880337044,0.112641416661598,0.0852533880809978,0.145582904258683,0.496761929030866,0.450549087507335,0.543387904433314
"Grays MS",2009,765.082050220691,477.226304397111,1208.82046252055,1055835.82357456,639364.290870898,1694984.37015139,355790.98870827,266032.997418801,457244.586176398,0.828617897054061,0.574372890156693,1.19977732874761,0.00545651095895421,0.00368813704795209,0.00830998031458372,1.51931297542132,0.910884781806546,2.51605901857305,0.123622726679278,0.0821876062040826,0.184127952589728,0.537434413335299,0.465447498932629,0.607336546359264,0.395797068750018,0.327924158361706,0.466784727699006,0.0651710838282261,0.0359840668567563,0.105013060116688,0.104443890441192,0.0635852616553226,0.16111416266146,0.509349258466745,0.462595480411095,0.556646689828312
"Grays MS",2010,1847.79657847533,1378.01344712802,2506.53976640141,2602374.15169678,1920275.43432276,3552937.83724057,885076.278573854,577354.279551212,1229958.46965033,0.370168929425412,0.254202811646505,0.52144224170508,0.00131622260031355,0.000920311299835603,0.00199138905196066,1.05463953932211,0.744105625712714,1.48480902710207,0.134422740212166,0.102663104692786,0.172876312482797,0.132058475827977,0.108226243208059,0.159528468624541,0.847952035235739,0.819406919208872,0.873590240704889,0.0190732528897724,0.0111587936531294,0.0305337767554593,0.0906066598800809,0.0674725889546208,0.119433286129739,0.498534239795524,0.463857846466867,0.53362818194514
"Grays MS",2011,2845.17324814259,2187.64776983819,3682.42817930959,4661712.55867833,3571931.05155875,6069343.06410553,961744.448974125,750840.508070199,1236070.96134662,0.142375571820376,0.0893726096418086,0.20929808142948,0.00202106994976622,0.00151213679674242,0.00273930002642418,0.447245512477163,0.326864663320931,0.611859531531017,0.0937147072917919,0.0740242412230234,0.118859170050229,0.0329690668803961,0.0221456305435141,0.0469369845717205,0.926911012693766,0.907449795615153,0.943357410639318,0.0394301448790049,0.0275141390891605,0.054276893164305,0.117257606867968,0.09262518292012,0.146537015974142,0.574895497099129,0.543186115465937,0.607177933687022
"Grays MS",2012,2057.12461985354,1359.30273749443,3360.18684994232,2883669.18193512,1876489.97231244,4805258.13808214,656366.764172428,466456.485371483,885868.298822756,0.286142524124046,0.174364666379478,0.412296786013528,0.00193764650013019,0.0013877640633761,0.00279196250422423,2.51579680840407,1.46688550889183,4.03555524584996,0.0962424169917378,0.0613418329971288,0.139190357788645,0.0989147114452117,0.0755187067478233,0.12481804739631,0.709257478441493,0.671223344421582,0.747373817248801,0.190916666845805,0.158640095060272,0.226360330121557,0.0528989553922982,0.0337032904406065,0.0775140781464821,0.495496630832056,0.455596033810889,0.536099923693376
"Grays MS",2013,1652.23312519164,1272.01836787614,2148.06622324372,2268612.11605772,1733522.88081891,2987247.18484169,827373.575104715,611585.506867532,1040861.66669994,0.343324647284276,0.253900286470569,0.456734885411713,0.00625020857639,0.00465840654155923,0.00896371449246317,0.766666599190487,0.55237565135111,1.05480323911553,0.129923410423286,0.102783238255922,0.162476120716959,0.349170477600951,0.316352046730385,0.385031293128187,0.496354103511045,0.459639642667178,0.531540491957938,0.153249992509684,0.129471388801078,0.180927631066685,0.0756366813967293,0.0576660568522918,0.0976031112258176,0.497668983935153,0.467397128728214,0.528172020177008
"Grays MS",2014,1519.81983708014,1168.43237262159,1980.16652943633,2202275.63233482,1669145.48823093,2916161.07873411,776488.271710709,602751.955455774,1011474.54750682,0.281466917437577,0.20384575976589,0.374179672712753,0.00163166741608952,0.00120945547711397,0.00217946199205988,0.573942331478418,0.411171247471833,0.799638810401871,0.139367551961885,0.110507878859601,0.173700076796578,0.103869491815322,0.082692866830666,0.128801849439524,0.86588786232995,0.838555027340346,0.890195389676547,0.0295212648330289,0.0188892973209639,0.0433390491720642,0.121922607029818,0.0960910074624561,0.150535919818691,0.512525249208616,0.477414578996691,0.54770315873651
"Grays MS",2015,1320.46264703745,1117.68937298596,1554.64687230283,1721411.80115807,1417432.47763897,2077384.03075548,620789.695305838,453642.794842494,809229.565910492,0.362644355390932,0.279138510759214,0.460900305048669,0.00140114768851579,0.00100712366165315,0.00208662970585025,2.93466127981583,2.3722595453114,3.6184745524685,0.0882874588085966,0.0759905521910963,0.102578996713603,0.341641150506051,0.294470302030666,0.389263087121683,0.618012273791257,0.570603941975718,0.665268333987175,0.0389627819103622,0.0236228553249279,0.060289693907114,0.214340092758775,0.175683397424118,0.257993404905035,0.471186856293965,0.430041995010553,0.51482694767236
"Grays MS",2016,5804.68644022836,4664.56020279654,7255.66329683089,7977795.30948654,6317442.07405239,10044291.1148999,623111.206610941,484984.744298666,782163.328158113,0.141120763658007,0.0651496583376782,0.270039533283484,0.00621384881495846,0.00486953160856089,0.00823521627802679,0.361554198244338,0.259880079342785,0.492148597030744,0.0212458131436422,0.0171076713733529,0.0262986067102227,0.112048734201149,0.0888854275129674,0.139108481489781,0.818179288290174,0.785215164628694,0.84741629641733,0.069041674618663,0.0508843580962984,0.0914213043471067,0.0566065941490565,0.0415580893682934,0.0758434372887596,0.486926977678809,0.449707115254051,0.525625199710354
"Grays MS",2017,1096.7263325143,901.209832504728,1321.75325664559,1538173.47693518,1244347.85106274,1899248.25505663,1107434.40883878,553444.425598809,2165949.37897387,0.629430131466093,0.349366545988385,0.941790982184893,0.00191678044824414,0.000914224845612155,0.00381175171129046,5.84950820428253,4.38639495993479,7.87201869159028,0.0970633266789226,0.0817839297318778,0.115670651668494,0.21794408519964,0.183620635619582,0.255341362385033,0.580235691519369,0.536736497102498,0.622222877696242,0.201154728829291,0.167128003365229,0.236891718453785,0.165515872034671,0.13678095968897,0.200829513553018,0.502538131362208,0.462545043221328,0.540510239697132
"Grays MS",2018,2156.86652502134,1683.28842790893,2782.58949689874,2878433.23105984,2225265.41394806,3764628.13817463,977705.685225118,515022.017719983,1442971.32355165,0.605904917666687,0.424076259341472,0.838007718562805,0.00667703707201903,0.00431210725493687,0.0122344041844339,3.02251927949853,1.96370790035347,4.31969830622931,0.10297544342128,0.0817694389141275,0.128700895316422,0.644596514840067,0.612414694692812,0.676917812446024,0.313836985615392,0.28247102798403,0.345868054513998,0.041078728712883,0.0294991979246686,0.0552350541794288,0.0840943822485977,0.0661757529779582,0.104715156941436,0.49969268417461,0.470398718751291,0.528453300276223
"Grays MS",2019,2852.05397106155,2379.93613298692,3435.2438593468,4199626.2974376,3466145.29585786,5085741.70363962,1725412.10207439,1165212.89867376,2652192.57767098,0.120203690344603,0.0841288299306704,0.163972120737614,0.00379708539499666,0.00213985300978144,0.00599363345094394,0.411972074170612,0.229495047144466,0.646991079448324,0.0722247168988936,0.0607544922323154,0.0852614250439832,0.186820995443702,0.163032937663537,0.211583722474354,0.799226351654222,0.773445620167172,0.823395704287548,0.0137201909513185,0.00788714100239519,0.0220003969903232,0.0629978219482639,0.0498469930313385,0.0794120611069406,0.52407155059988,0.495371618190065,0.552690823948765
"Grays MS",2020,6547.08736337505,4988.72985192857,8619.35545618444,9030571.71908643,6854819.05546912,11953864.9577271,506945.272491617,371291.493835039,643013.101240316,0.0558733312578655,0.021243132085888,0.119371149436844,0.00233645683589331,0.00140722609824626,0.00359172458588148,0.118591535241992,0.0533024802669562,0.227539141855681,0.0289221587851693,0.0221659366367694,0.0376260953880849,0.755108781221168,0.720432025172622,0.78864033039378,0.227981008857026,0.195168236249536,0.26215962426085,0.0161879369046026,0.00922300841231335,0.0271377133730059,0.0229983741031883,0.0162850239611776,0.0319787038885782,0.522977822892579,0.483377327768871,0.561398612137942
"Grays MS",2021,3513.16568744699,2868.2177741025,4266.8419259724,4946592.20649802,4024281.66526177,6137857.78710213,502126.932052462,223230.130212236,961867.775580235,0.0872175698001018,0.0518252590025196,0.14261269523482,0.00153492110007457,0.000732337571647138,0.00335221987718116,0.155916902560915,0.048108929899162,0.48743068076204,0.0518850992341588,0.0430905360127155,0.0626934460045921,0.659670296248222,0.622234230809873,0.695526388362747,0.329255343388769,0.293534090111898,0.365989512606988,0.0104424190551829,0.00527131806907571,0.0191488252790247,0.125020141526203,0.0992930187130221,0.153689215931768,0.529339484267712,0.496141092366491,0.562128399176289
"Grays MS",2022,7003.92445082292,4879.00398607693,9464.9987716838,9511426.16986322,6370096.93034307,13389298.9294049,431528.245074413,272745.761218054,666688.730584953,0.0327242326207089,0.0120960882313,0.0661231898906484,0.00127401059731911,0.000424560177850202,0.00384626845828661,0.0848864440916958,0.0110630553621539,0.632422945166348,0.0269418662778714,0.020096702543217,0.0383273074970352,0.140921059720354,0.102792455486034,0.182833228724396,0.834458691399388,0.790433719211967,0.874649207205744,0.0228938838364162,0.0108044068607777,0.04376913162964,0.267041751085646,0.178358301815652,0.373085028297856,0.481970052798141,0.432307579847215,0.531588722923329
"Grays MS",2023,1516.6653866289,1429.56509718197,1607.04062603387,1285193.67421692,721933.96680014,1968521.87114154,310549.273131925,139953.79700963,504287.777290679,0.322033302967965,0.177213828932766,0.574621044550603,0.00201781249170752,0.000332043656937404,0.0124691736763019,0.678317926811955,0.0895637303182761,5.94883937637499,0.107126338349085,0.101565396292377,0.113130778779229,0.285402200143409,0.085718411196607,0.539199252058979,0.486748186127491,0.266862382728222,0.723143936445835,0.190223918552353,0.0659745927319296,0.450381353947865,0.539454818364484,0.304863293688392,0.762870740019493,0.305744715108257,0.172425799254678,0.460758588917792
"Grays MS",2024,955.460023385268,728.962491438489,1281.70993096799,949176.69031042,494537.612723651,1574562.93845582,408867.765312139,223270.753859189,677839.964848115,NA,NA,NA,0.00258565447655556,0.000364536001404731,0.0195735211434078,NA,NA,NA,0.0807842791679697,0.0615224070086844,0.103507253294698,0.196596211716201,0.0555635229619739,0.465965788756104,0.739057480275032,0.475737241770829,0.90301899694246,0.0432286984924975,0.0105196382405278,0.156381055646851,0.397258573513589,0.167688905720944,0.669391498880251,0.353934244705669,0.205359766702025,0.518258585675298
"Grays Hatchery",1998,NA,NA,NA,NA,NA,NA,NA,NA,NA,NA,NA,NA,0.00382260479429185,0.000667025918164393,0.0235920848238207,NA,NA,NA,NA,NA,NA,NA,NA,NA,NA,NA,NA,NA,NA,NA,NA,NA,NA,NA,NA,NA
"Grays Hatchery",1999,NA,NA,NA,NA,NA,NA,NA,NA,NA,NA,NA,NA,0.00644331460807373,0.00323108044963278,0.010342019332206,NA,NA,NA,NA,NA,NA,NA,NA,NA,NA,NA,NA,NA,NA,NA,NA,NA,NA,NA,NA,NA
"Grays Hatchery",2000,NA,NA,NA,NA,NA,NA,NA,NA,NA,NA,NA,NA,0.0105190725329655,0.00605098952127602,0.0163760688915934,NA,NA,NA,NA,NA,NA,NA,NA,NA,NA,NA,NA,NA,NA,NA,NA,NA,NA,NA,NA,NA
"Grays Hatchery",2001,NA,NA,NA,NA,NA,NA,NA,NA,NA,NA,NA,NA,0.000543314534688309,0.000247903062897808,0.00126236165314504,NA,NA,NA,NA,NA,NA,NA,NA,NA,NA,NA,NA,NA,NA,NA,NA,NA,NA,NA,NA,NA
"Grays Hatchery",2002,NA,NA,NA,NA,NA,NA,NA,NA,NA,NA,NA,NA,0.000946557807965311,0.000667208503536026,0.00133763136873118,NA,NA,NA,NA,NA,NA,NA,NA,NA,NA,NA,NA,NA,NA,NA,NA,NA,NA,NA,NA,NA
"Grays Hatchery",2003,NA,NA,NA,NA,NA,NA,NA,NA,NA,NA,NA,NA,0.00126396509614489,0.000978535953449942,0.0016122071814021,NA,NA,NA,NA,NA,NA,NA,NA,NA,NA,NA,NA,NA,NA,NA,NA,NA,NA,NA,NA,NA
"Grays Hatchery",2004,NA,NA,NA,NA,NA,NA,NA,NA,NA,NA,NA,NA,0.000206034673101469,0.000137103180315282,0.000302745453454198,NA,NA,NA,NA,NA,NA,NA,NA,NA,NA,NA,NA,NA,NA,NA,NA,NA,NA,NA,NA,NA
"Grays Hatchery",2005,NA,NA,NA,NA,NA,NA,NA,NA,NA,NA,NA,NA,0.000502962146569398,0.000334533977466303,0.000722987359018265,NA,NA,NA,NA,NA,NA,NA,NA,NA,NA,NA,NA,NA,NA,NA,NA,NA,NA,NA,NA,NA
"Grays Hatchery",2006,NA,NA,NA,NA,NA,NA,NA,NA,NA,NA,NA,NA,0.00147403229925036,0.00101142416872224,0.00210160757143436,NA,NA,NA,NA,NA,NA,NA,NA,NA,NA,NA,NA,NA,NA,NA,NA,NA,NA,NA,NA,NA
"Grays Hatchery",2007,NA,NA,NA,NA,NA,NA,NA,NA,NA,NA,NA,NA,0.00227790961207241,0.00159259702112954,0.00324169787804248,NA,NA,NA,NA,NA,NA,NA,NA,NA,NA,NA,NA,NA,NA,NA,NA,NA,NA,NA,NA,NA
"Grays Hatchery",2008,NA,NA,NA,NA,NA,NA,NA,NA,NA,NA,NA,NA,0.00729095296958751,0.00588435105952387,0.0089734988357537,NA,NA,NA,NA,NA,NA,NA,NA,NA,NA,NA,NA,NA,NA,NA,NA,NA,NA,NA,NA,NA
"Grays Hatchery",2009,NA,NA,NA,NA,NA,NA,NA,NA,NA,NA,NA,NA,0.00233648504090949,0.00162507541481836,0.00324122129609663,NA,NA,NA,NA,NA,NA,NA,NA,NA,NA,NA,NA,NA,NA,NA,NA,NA,NA,NA,NA,NA
"Grays Hatchery",2010,NA,NA,NA,NA,NA,NA,NA,NA,NA,NA,NA,NA,0.00139131050437872,0.0010236503703655,0.00186293761385287,NA,NA,NA,NA,NA,NA,NA,NA,NA,NA,NA,NA,NA,NA,NA,NA,NA,NA,NA,NA,NA
"Grays Hatchery",2011,NA,NA,NA,NA,NA,NA,NA,NA,NA,NA,NA,NA,0.00297399871370058,0.00240154813756812,0.00361676563842494,NA,NA,NA,NA,NA,NA,NA,NA,NA,NA,NA,NA,NA,NA,NA,NA,NA,NA,NA,NA,NA
"Grays Hatchery",2012,NA,NA,NA,NA,NA,NA,NA,NA,NA,NA,NA,NA,0.00275454282920133,0.00212411347429386,0.00349808624942217,NA,NA,NA,NA,NA,NA,NA,NA,NA,NA,NA,NA,NA,NA,NA,NA,NA,NA,NA,NA,NA
"Grays Hatchery",2013,NA,NA,NA,NA,NA,NA,NA,NA,NA,NA,NA,NA,0.00611946709703437,0.00491275412404641,0.00753540553171877,NA,NA,NA,NA,NA,NA,NA,NA,NA,NA,NA,NA,NA,NA,NA,NA,NA,NA,NA,NA,NA
"Grays Hatchery",2014,NA,NA,NA,NA,NA,NA,NA,NA,NA,NA,NA,NA,0.00325257135360001,0.00248608100880454,0.00429317178101984,NA,NA,NA,NA,NA,NA,NA,NA,NA,NA,NA,NA,NA,NA,NA,NA,NA,NA,NA,NA,NA
"Grays Hatchery",2015,NA,NA,NA,NA,NA,NA,NA,NA,NA,NA,NA,NA,0.00230924535018467,0.00177144554189896,0.0029488418003406,NA,NA,NA,NA,NA,NA,NA,NA,NA,NA,NA,NA,NA,NA,NA,NA,NA,NA,NA,NA,NA
"Grays Hatchery",2016,NA,NA,NA,NA,NA,NA,NA,NA,NA,NA,NA,NA,0.00412469031762534,0.0032070540522659,0.0052911656612628,NA,NA,NA,NA,NA,NA,NA,NA,NA,NA,NA,NA,NA,NA,NA,NA,NA,NA,NA,NA,NA
"Grays Hatchery",2017,NA,NA,NA,NA,NA,NA,NA,NA,NA,NA,NA,NA,0.00114528936687302,0.000841161798787294,0.00157347525223658,NA,NA,NA,NA,NA,NA,NA,NA,NA,NA,NA,NA,NA,NA,NA,NA,NA,NA,NA,NA,NA
"Grays Hatchery",2018,NA,NA,NA,NA,NA,NA,NA,NA,NA,NA,NA,NA,0.00138483170925857,0.000904809940585377,0.00197825074413611,NA,NA,NA,NA,NA,NA,NA,NA,NA,NA,NA,NA,NA,NA,NA,NA,NA,NA,NA,NA,NA
"Grays Hatchery",2019,NA,NA,NA,NA,NA,NA,NA,NA,NA,NA,NA,NA,0.0392933752350372,0.0277224171441143,0.0557969026662655,NA,NA,NA,NA,NA,NA,NA,NA,NA,NA,NA,NA,NA,NA,NA,NA,NA,NA,NA,NA,NA
"Grays Hatchery",2020,NA,NA,NA,NA,NA,NA,NA,NA,NA,NA,NA,NA,0.00676497550526693,0.00455955815361886,0.00985506035810143,NA,NA,NA,NA,NA,NA,NA,NA,NA,NA,NA,NA,NA,NA,NA,NA,NA,NA,NA,NA,NA
"Grays Hatchery",2021,NA,NA,NA,NA,NA,NA,NA,NA,NA,NA,NA,NA,0.00684095548345161,0.0043782566752425,0.0104095108615541,NA,NA,NA,NA,NA,NA,NA,NA,NA,NA,NA,NA,NA,NA,NA,NA,NA,NA,NA,NA,NA
"Grays Hatchery",2022,NA,NA,NA,NA,NA,NA,NA,NA,NA,NA,NA,NA,0.00557830016448934,0.00262060435347657,0.0116405657472838,NA,NA,NA,NA,NA,NA,NA,NA,NA,NA,NA,NA,NA,NA,NA,NA,NA,NA,NA,NA,NA
"Grays Hatchery",2023,NA,NA,NA,NA,NA,NA,NA,NA,NA,NA,NA,NA,0.00389081502895139,0.000600982698921783,0.0248837458651285,NA,NA,NA,NA,NA,NA,NA,NA,NA,NA,NA,NA,NA,NA,NA,NA,NA,NA,NA,NA,NA
"Grays Hatchery",2024,NA,NA,NA,NA,NA,NA,NA,NA,NA,NA,NA,NA,0.00351526918631973,0.000507561270169732,0.028520061369613,NA,NA,NA,NA,NA,NA,NA,NA,NA,NA,NA,NA,NA,NA,NA,NA,NA,NA,NA,NA,NA
